employee_id,age,gender,education,department,job_role,years_experience,years_at_company,base_salary,bonus_pct,performance_score,training_hours,overtime_flag,work_life_balance,job_satisfaction,attrition
EMP5000,36,Female,Master's,Product,VP,11,4,55800.0,0.051,4,25.0,1,2,2,0
EMP5001,45,Male,Bachelor's,Finance,Manager,23,22,99800.0,0.032,1,42.0,0,5,4,0
EMP5002,38,Male,Master's,Product,Director,15,14,82100.0,,3,31.0,1,5,5,0
EMP5003,33,Female,Bachelor's,Marketing,Director,7,3,70300.0,0.178,4,50.0,0,3,5,0
EMP5004,33,Female,Bachelor's,Sales,Senior Analyst,10,9,70900.0,0.095,4,78.0,1,4,4,0
EMP5005,44,Male,Master's,Operations,VP,19,6,108900.0,0.122,3,25.0,0,2,5,0
EMP5006,38,Male,Bachelor's,Marketing,VP,14,5,75900.0,0.005,4,21.0,0,2,4,0
EMP5007,27,Male,Bachelor's,Legal,VP,2,2,25900.0,0.001,5,77.0,1,3,2,0
EMP5008,36,Male,Bachelor's,Legal,Manager,11,10,64900.0,0.102,4,6.0,0,3,4,0
EMP5009,39,Male,Bachelor's,Sales,Senior Analyst,15,0,81500.0,0.038,4,67.0,0,5,4,0
EMP5010,45,Male,Bachelor's,Legal,Manager,20,12,100100.0,0.198,3,31.0,1,1,5,0
EMP5011,38,Female,Master's,Marketing,Senior Analyst,14,4,77300.0,0.238,3,77.0,0,4,3,0
EMP5012,29,Female,Bachelor's,Finance,Individual Contributor,6,2,55700.0,0.231,3,61.0,0,5,2,0
EMP5013,43,Male,Bachelor's,Finance,Individual Contributor,18,11,87300.0,0.116,5,11.0,1,1,2,0
EMP5014,53,Male,High School,Operations,VP,30,15,127600.0,0.072,3,41.0,0,4,3,0
EMP5015,36,Female,Bachelor's,Operations,Analyst,14,14,69400.0,0.121,5,21.0,0,3,4,0
EMP5016,46,Female,Bachelor's,Product,Individual Contributor,23,10,112100.0,0.026,3,3.0,0,3,4,0
EMP5017,39,Non-Binary,Bachelor's,Legal,VP,14,14,79800.0,0.236,3,49.0,0,3,2,0
EMP5018,33,Female,Bachelor's,Sales,Analyst,8,6,66700.0,0.168,4,53.0,1,4,3,0
EMP5019,55,Female,Bachelor's,Finance,Analyst,31,20,150900.0,0.072,3,65.0,0,3,3,0
EMP5020,58,Male,Bachelor's,Product,Senior Analyst,34,18,139300.0,0.19,3,58.0,0,1,4,0
EMP5021,28,Male,PhD,Legal,Senior Manager,5,2,47700.0,0.061,3,48.0,0,3,5,0
EMP5022,45,Male,Master's,Finance,Manager,23,14,108900.0,0.188,4,,0,4,5,0
EMP5023,57,Female,Master's,Engineering,Director,34,19,136700.0,0.1,4,49.0,1,4,4,0
EMP5024,42,Male,Bachelor's,Sales,Director,16,1,81800.0,0.216,5,13.0,1,5,3,0
EMP5025,42,Female,Bachelor's,Product,Senior Manager,16,15,98500.0,0.247,2,51.0,0,4,2,1
EMP5026,58,Male,Bachelor's,Operations,Manager,36,32,150900.0,0.08,4,15.0,0,3,4,0
EMP5027,45,Female,Bachelor's,Legal,Senior Manager,19,13,90100.0,0.138,3,46.0,1,2,4,0
EMP5028,54,Female,Master's,Legal,Analyst,29,20,131100.0,0.059,4,32.0,0,3,3,0
EMP5029,25,Female,PhD,Sales,Analyst,3,0,47800.0,0.2,3,67.0,0,3,3,0
EMP5030,44,Male,Bachelor's,Marketing,VP,20,12,97600.0,0.123,5,28.0,0,4,5,0
EMP5031,27,Male,Bachelor's,Operations,Senior Analyst,5,5,48500.0,0.246,4,0.0,0,4,4,0
EMP5032,29,Male,Master's,Engineering,Individual Contributor,4,0,25700.0,0.222,3,8.0,1,3,3,0
EMP5033,49,Male,High School,Marketing,Senior Manager,24,22,118600.0,0.068,3,16.0,1,5,4,0
EMP5034,55,Male,Master's,HR,Senior Manager,32,11,143800.0,0.03,3,68.0,0,4,4,0
EMP5035,56,Female,Master's,Product,VP,31,6,145600.0,0.155,2,60.0,1,4,2,1
EMP5036,51,Female,Master's,HR,Senior Analyst,28,26,113100.0,0.08,4,73.0,1,3,5,0
EMP5037,41,Male,Bachelor's,HR,Senior Manager,17,11,87100.0,0.063,4,58.0,0,4,2,0
EMP5038,38,Male,Bachelor's,Product,Senior Manager,16,13,93700.0,0.136,2,11.0,1,5,3,0
EMP5039,28,Male,Master's,Marketing,Senior Manager,2,2,32500.0,0.135,2,3.0,0,2,4,0
EMP5040,51,Female,Bachelor's,Product,Individual Contributor,29,0,131900.0,0.134,3,44.0,0,3,3,0
EMP5041,52,Male,Master's,Marketing,Individual Contributor,26,5,117700.0,0.074,3,42.0,1,4,4,0
EMP5042,26,Female,Bachelor's,Sales,Manager,0,0,26900.0,0.039,3,34.0,1,5,5,1
EMP5043,56,Male,Bachelor's,Sales,Manager,34,8,158300.0,0.046,2,47.0,0,4,3,0
EMP5044,34,Male,Bachelor's,Sales,Senior Analyst,12,12,60600.0,0.18,2,32.0,0,3,2,0
EMP5045,47,Female,Master's,Legal,Manager,25,13,117100.0,0.117,3,18.0,0,4,2,0
EMP5046,26,Male,Bachelor's,Engineering,Senior Manager,0,0,32000.0,0.117,4,46.0,1,4,1,0
EMP5047,28,Female,Bachelor's,Operations,Analyst,6,1,58500.0,0.244,4,31.0,0,1,4,0
EMP5048,45,Male,Bachelor's,Finance,Senior Analyst,20,14,99000.0,0.229,3,36.0,0,4,3,0
EMP5049,37,Female,Master's,Marketing,VP,11,4,76300.0,0.016,3,66.0,1,4,3,0
EMP5050,23,Female,Master's,Legal,VP,0,0,29600.0,0.199,4,36.0,1,3,4,0
EMP5051,57,Male,High School,Product,Analyst,33,19,146500.0,0.062,3,75.0,0,3,4,0
EMP5052,55,Female,Bachelor's,HR,Individual Contributor,33,32,146200.0,0.181,5,11.0,1,4,5,0
EMP5053,29,Female,Master's,Product,Analyst,3,1,45700.0,0.043,4,52.0,0,2,3,0
EMP5054,46,Male,Master's,Product,Senior Analyst,21,20,107800.0,0.036,4,56.0,1,3,4,0
EMP5055,28,Female,Bachelor's,Legal,Analyst,3,2,31600.0,0.235,3,7.0,0,4,3,0
EMP5056,49,Male,Bachelor's,Engineering,Senior Analyst,26,0,122700.0,,3,46.0,1,3,5,0
EMP5057,48,Female,Master's,Sales,Senior Analyst,23,9,114800.0,0.087,3,57.0,1,2,5,0
EMP5058,50,Female,Master's,Engineering,Individual Contributor,25,22,129200.0,0.223,2,4.0,1,5,4,0
EMP5059,42,Male,Bachelor's,Product,Senior Manager,20,17,91900.0,0.072,4,65.0,0,4,4,0
EMP5060,22,Female,Bachelor's,Product,Senior Analyst,0,0,34300.0,0.016,5,30.0,1,3,4,0
EMP5061,29,Female,Master's,HR,Analyst,7,5,51700.0,0.099,5,51.0,0,2,4,0
EMP5062,59,Male,Bachelor's,Marketing,Senior Analyst,34,24,150500.0,0.177,3,,0,1,3,0
EMP5063,45,Male,Master's,Marketing,Manager,19,17,87900.0,0.166,5,11.0,1,4,4,0
EMP5064,35,Male,Master's,Finance,Senior Manager,9,1,61400.0,0.118,4,31.0,1,3,5,0
EMP5065,57,Female,Bachelor's,Product,Senior Manager,33,15,148100.0,0.128,3,12.0,0,3,4,0
EMP5066,38,Male,Bachelor's,Product,Senior Analyst,12,4,64200.0,0.132,5,9.0,0,5,3,0
EMP5067,54,Male,Bachelor's,Sales,Analyst,28,28,139600.0,0.094,5,45.0,0,4,4,0
EMP5068,52,Male,Master's,Marketing,Senior Manager,28,22,115600.0,0.021,4,48.0,0,4,4,0
EMP5069,22,Male,Master's,Sales,Analyst,0,0,34300.0,0.039,4,74.0,0,4,2,0
EMP5070,57,Male,PhD,Engineering,Individual Contributor,35,26,133100.0,0.181,4,46.0,1,5,4,0
EMP5071,55,Male,Master's,Legal,Manager,30,2,133000.0,0.203,4,43.0,0,3,2,0
EMP5072,59,Male,Master's,Legal,Director,36,28,159800.0,0.099,3,47.0,0,2,4,0
EMP5073,45,Male,Master's,Engineering,Director,21,18,109200.0,0.082,2,79.0,0,1,2,0
EMP5074,48,Female,Bachelor's,Marketing,Analyst,22,9,106200.0,0.152,5,29.0,0,1,3,0
EMP5075,32,Female,Master's,Sales,Director,10,9,63100.0,0.005,2,54.0,0,5,5,0
EMP5076,27,Female,Bachelor's,Marketing,Director,4,1,48500.0,0.142,2,57.0,1,4,1,0
EMP5077,25,Male,Master's,HR,Analyst,1,1,41100.0,0.117,3,13.0,0,1,3,0
EMP5078,28,Non-Binary,Bachelor's,Marketing,Director,3,0,51500.0,0.11,3,67.0,0,2,3,0
EMP5079,58,Male,Bachelor's,Operations,Analyst,32,16,131700.0,0.0,3,33.0,0,4,4,0
EMP5080,32,Female,Bachelor's,Engineering,Senior Manager,6,0,49400.0,0.236,2,33.0,1,3,5,0
EMP5081,23,Female,Bachelor's,Finance,Senior Analyst,0,0,25000.0,0.043,5,17.0,0,4,4,0
EMP5082,48,Male,Master's,HR,Manager,24,2,103100.0,0.028,4,34.0,0,5,5,0
EMP5083,29,Male,Master's,Finance,Individual Contributor,5,5,41900.0,0.096,5,46.0,1,4,2,0
EMP5084,41,Female,Master's,Product,Individual Contributor,19,14,103400.0,,5,71.0,0,3,3,0
EMP5085,47,Female,Bachelor's,Product,Individual Contributor,22,13,103200.0,0.191,3,25.0,0,4,5,0
EMP5086,43,Non-Binary,Master's,Operations,Individual Contributor,17,7,87200.0,0.128,3,48.0,1,4,1,0
EMP5087,50,Female,Bachelor's,Legal,Senior Manager,25,14,119900.0,0.137,3,69.0,0,5,3,0
EMP5088,22,Female,Bachelor's,Finance,Individual Contributor,0,0,25000.0,0.114,5,40.0,1,3,3,0
EMP5089,32,Female,PhD,Operations,Individual Contributor,6,4,35000.0,0.006,4,15.0,0,4,5,0
EMP5090,37,Male,Bachelor's,Finance,Senior Analyst,14,5,73000.0,0.069,4,58.0,0,4,3,0
EMP5091,50,Female,Master's,HR,Analyst,26,8,120000.0,0.097,5,45.0,0,4,5,0
EMP5092,42,Female,Bachelor's,Legal,Manager,19,14,100200.0,0.139,3,24.0,0,3,4,0
EMP5093,51,Male,Master's,Legal,Director,27,15,122800.0,0.165,5,68.0,0,1,3,0
EMP5094,50,Female,Master's,HR,Analyst,24,10,117600.0,0.247,4,2.0,0,4,2,0
EMP5095,52,Male,Bachelor's,HR,Director,28,12,135400.0,0.127,3,77.0,0,2,4,0
EMP5096,45,Female,Bachelor's,Finance,Manager,20,16,109000.0,0.168,5,56.0,0,3,1,0
EMP5097,50,Female,Bachelor's,Product,Senior Manager,24,12,115400.0,0.24,4,54.0,0,4,3,0
EMP5098,47,Male,Bachelor's,Legal,Manager,25,2,108400.0,0.07,3,51.0,0,3,4,0
EMP5099,23,Female,Master's,HR,VP,0,0,25000.0,0.113,3,79.0,0,4,4,1
EMP5100,32,Male,Master's,Marketing,Manager,10,9,55800.0,0.18,4,34.0,1,3,3,0
EMP5101,55,Male,Bachelor's,Legal,Senior Manager,30,7,126400.0,0.141,4,78.0,1,4,5,0
EMP5102,25,Male,Bachelor's,HR,Director,1,0,34300.0,0.223,3,3.0,0,2,2,0
EMP5103,43,Male,Bachelor's,Product,VP,20,5,115100.0,0.142,3,74.0,0,3,5,0
EMP5104,51,Male,Master's,Product,Senior Manager,26,3,122700.0,0.231,2,75.0,0,4,4,0
EMP5105,38,Female,Bachelor's,Sales,Analyst,12,0,71300.0,0.037,4,21.0,0,5,5,0
EMP5106,28,Male,Master's,Marketing,Senior Manager,6,4,58700.0,0.201,4,58.0,0,3,4,0
EMP5107,22,Female,Master's,Sales,Analyst,0,0,25000.0,0.053,4,31.0,1,3,3,0
EMP5108,47,Male,Bachelor's,Operations,Director,23,15,118800.0,0.012,1,30.0,1,3,4,0
EMP5109,44,Male,Bachelor's,Engineering,Manager,22,7,114700.0,0.028,2,41.0,0,2,5,0
EMP5110,48,Male,Bachelor's,Operations,Director,25,18,118000.0,0.145,1,16.0,0,3,4,0
EMP5111,28,Male,PhD,HR,Analyst,4,0,60700.0,0.073,5,18.0,0,5,5,0
EMP5112,39,Female,Bachelor's,Marketing,Senior Manager,15,6,91400.0,0.036,4,44.0,0,3,1,0
EMP5113,42,Female,Bachelor's,Marketing,Senior Analyst,17,10,89900.0,0.157,3,79.0,1,3,5,0
EMP5114,53,Male,Master's,Product,Senior Manager,29,23,130400.0,0.122,1,1.0,0,5,5,1
EMP5115,29,Male,Bachelor's,Engineering,Analyst,7,2,51000.0,0.095,2,36.0,0,4,5,0
EMP5116,48,Male,Bachelor's,Marketing,Senior Manager,23,22,109500.0,0.134,4,36.0,1,3,4,0
EMP5117,48,Female,Bachelor's,Sales,Senior Manager,25,9,116700.0,0.215,3,59.0,0,4,5,0
EMP5118,44,Male,Bachelor's,Operations,Analyst,22,16,104400.0,0.181,4,79.0,1,4,4,0
EMP5119,25,Male,Master's,Finance,VP,0,0,28300.0,0.124,3,44.0,0,5,4,0
EMP5120,26,Female,Master's,Sales,VP,2,0,27500.0,0.206,3,59.0,0,2,5,0
EMP5121,44,Female,PhD,Sales,Senior Manager,19,13,92000.0,0.216,4,,0,4,3,0
EMP5122,45,Male,Bachelor's,Engineering,Senior Manager,20,11,87200.0,0.094,3,78.0,1,4,5,0
EMP5123,46,Female,Bachelor's,Legal,Manager,24,11,117300.0,0.037,3,76.0,0,5,3,0
EMP5124,51,Female,Bachelor's,Product,Senior Analyst,25,6,118100.0,0.029,2,31.0,0,4,3,1
EMP5125,37,Male,Bachelor's,HR,Analyst,14,8,78000.0,0.16,4,57.0,0,2,4,0
EMP5126,33,Female,Master's,Finance,Senior Manager,8,3,65100.0,0.234,4,6.0,1,5,4,0
EMP5127,56,Male,Bachelor's,Engineering,Senior Manager,31,9,131600.0,0.01,3,46.0,0,3,2,0
EMP5128,48,Male,Bachelor's,Sales,Analyst,26,14,115300.0,0.124,4,77.0,1,4,4,0
EMP5129,42,Male,Bachelor's,Sales,Manager,20,5,88200.0,0.049,3,12.0,1,3,3,0
EMP5130,43,Female,Bachelor's,Product,Senior Manager,17,11,97700.0,0.133,4,69.0,0,4,4,0
EMP5131,50,Male,Master's,HR,Senior Analyst,28,0,132800.0,0.214,4,78.0,1,4,2,0
EMP5132,33,Female,PhD,Legal,Director,10,2,75600.0,0.197,3,45.0,0,5,1,0
EMP5133,38,Male,Master's,Sales,Senior Manager,12,6,84700.0,0.243,5,62.0,1,4,2,0
EMP5134,23,Female,Bachelor's,Sales,Individual Contributor,1,0,30100.0,0.121,3,18.0,0,3,2,1
EMP5135,52,Female,Bachelor's,Sales,Senior Analyst,27,6,118800.0,0.166,3,35.0,0,4,4,0
EMP5136,41,Male,Master's,Sales,Analyst,18,8,78600.0,0.225,4,59.0,1,2,4,0
EMP5137,56,Female,Master's,Sales,Manager,32,15,133200.0,0.174,4,34.0,0,3,4,0
EMP5138,33,Female,Master's,HR,VP,11,4,65900.0,0.241,3,1.0,0,5,4,0
EMP5139,37,Female,Bachelor's,Finance,Individual Contributor,13,11,59000.0,0.061,3,,0,5,3,0
EMP5140,24,Female,Master's,Sales,Director,1,1,25000.0,0.034,5,73.0,0,4,5,0
EMP5141,58,Female,Bachelor's,Marketing,Director,33,12,144800.0,0.037,5,47.0,0,3,4,0
EMP5142,35,Female,Bachelor's,HR,VP,10,5,72100.0,0.213,4,55.0,1,4,2,0
EMP5143,27,Non-Binary,PhD,Marketing,Individual Contributor,3,1,34800.0,0.013,3,12.0,0,4,4,0
EMP5144,45,Female,Master's,Marketing,Individual Contributor,23,1,111500.0,0.202,4,14.0,0,3,3,0
EMP5145,54,Male,Bachelor's,Product,Director,29,13,146400.0,0.116,3,73.0,1,3,3,0
EMP5146,26,Female,Master's,Marketing,Manager,2,1,25000.0,0.173,2,13.0,0,3,3,0
EMP5147,41,Male,Bachelor's,Operations,Analyst,16,8,94700.0,0.186,2,75.0,1,3,4,0
EMP5148,40,Male,High School,Legal,Senior Analyst,15,8,85500.0,0.106,5,4.0,0,4,3,0
EMP5149,27,Female,Master's,Sales,Director,5,1,57600.0,0.037,2,37.0,0,1,3,0
EMP5150,32,Male,Master's,Legal,Analyst,10,5,72700.0,0.154,3,61.0,1,5,4,0
EMP5151,45,Female,Bachelor's,Finance,Individual Contributor,21,13,98200.0,0.239,3,7.0,0,5,4,0
EMP5152,59,Male,Master's,Operations,Senior Manager,33,8,145500.0,0.006,4,10.0,0,3,2,0
EMP5153,26,Female,High School,Operations,Individual Contributor,3,0,28800.0,0.057,4,59.0,0,5,2,0
EMP5154,45,Male,Bachelor's,Sales,Individual Contributor,21,4,99300.0,0.219,3,41.0,0,4,4,0
EMP5155,55,Male,PhD,Marketing,Senior Manager,30,15,135200.0,0.017,4,64.0,0,5,3,0
EMP5156,50,Female,Master's,HR,Manager,24,17,116400.0,0.003,3,28.0,0,5,4,0
EMP5157,53,Female,Master's,Sales,Analyst,28,18,134300.0,0.219,3,,0,3,4,0
EMP5158,56,Female,Bachelor's,Product,Individual Contributor,30,23,147700.0,0.192,3,43.0,0,4,3,0
EMP5159,46,Female,Master's,Legal,Director,20,9,96500.0,0.063,3,5.0,0,2,4,0
EMP5160,23,Female,PhD,Sales,Manager,1,1,42700.0,0.242,5,55.0,0,5,4,0
EMP5161,30,Male,Bachelor's,Sales,Senior Analyst,6,6,53100.0,0.178,4,73.0,0,4,4,0
EMP5162,37,Male,High School,Engineering,VP,12,0,61500.0,0.03,3,16.0,0,4,4,0
EMP5163,58,Male,Bachelor's,HR,Analyst,34,5,147800.0,0.115,5,63.0,0,3,4,0
EMP5164,29,Male,Bachelor's,Sales,Director,7,3,55400.0,0.216,4,16.0,1,1,4,0
EMP5165,54,Female,Bachelor's,Operations,Senior Analyst,29,13,124800.0,0.167,3,73.0,0,2,5,0
EMP5166,46,Male,Master's,Finance,Director,24,5,105700.0,0.146,5,27.0,0,2,4,0
EMP5167,49,Male,Bachelor's,Product,Analyst,26,7,112400.0,0.104,4,51.0,0,3,5,0
EMP5168,25,Male,PhD,Marketing,VP,0,0,25700.0,,4,74.0,1,3,5,0
EMP5169,35,Female,Bachelor's,Product,Senior Manager,9,0,54600.0,0.153,3,44.0,1,5,3,1
EMP5170,39,Non-Binary,Master's,Engineering,Senior Manager,17,16,99300.0,0.038,2,35.0,1,5,5,0
EMP5171,40,Female,PhD,Product,Individual Contributor,17,14,69900.0,0.202,5,,0,4,3,0
EMP5172,55,Male,Bachelor's,HR,Senior Analyst,32,5,142900.0,0.052,4,20.0,0,5,5,0
EMP5173,34,Male,Bachelor's,Finance,Director,10,4,69200.0,0.03,4,3.0,1,4,5,0
EMP5174,55,Male,Master's,Marketing,Senior Manager,29,15,123800.0,0.018,4,41.0,1,5,3,0
EMP5175,54,Male,Bachelor's,Finance,Director,28,12,126100.0,0.204,5,63.0,1,4,3,0
EMP5176,46,Female,Bachelor's,HR,Director,24,10,111300.0,0.117,3,14.0,1,4,4,0
EMP5177,33,Female,High School,Sales,VP,8,4,57400.0,0.1,3,73.0,0,3,3,0
EMP5178,25,Male,Bachelor's,Finance,Manager,3,3,45800.0,0.13,3,61.0,0,4,4,0
EMP5179,31,Male,Master's,Finance,Senior Analyst,7,4,59100.0,0.147,2,52.0,1,4,3,0
EMP5180,45,Male,Master's,Sales,Director,21,12,98700.0,0.22,3,25.0,0,2,4,0
EMP5181,30,Female,PhD,Legal,Director,6,1,39000.0,0.086,3,57.0,0,2,3,0
EMP5182,56,Non-Binary,Master's,Sales,Individual Contributor,30,14,136300.0,0.047,2,78.0,0,5,4,0
EMP5183,37,Male,Bachelor's,Engineering,Director,12,8,66700.0,0.217,4,22.0,1,5,4,0
EMP5184,32,Male,Master's,HR,Senior Analyst,6,4,46800.0,0.12,3,50.0,0,4,4,0
EMP5185,45,Male,Bachelor's,HR,Manager,21,10,105300.0,0.145,3,33.0,0,3,5,0
EMP5186,27,Female,Bachelor's,HR,Director,3,2,37000.0,0.04,4,48.0,0,3,4,0
EMP5187,53,Male,Bachelor's,Product,Manager,29,6,134000.0,0.216,3,20.0,0,1,4,0
EMP5188,42,Male,High School,Marketing,Individual Contributor,19,0,116600.0,0.235,4,23.0,1,5,3,0
EMP5189,57,Female,Bachelor's,Sales,Director,32,10,147500.0,0.112,4,70.0,1,2,3,0
EMP5190,54,Male,High School,Marketing,Manager,31,7,149300.0,0.005,3,14.0,0,3,4,0
EMP5191,25,Male,Bachelor's,HR,VP,3,3,44600.0,0.007,3,67.0,1,4,3,0
EMP5192,56,Male,Master's,Product,Director,32,7,142600.0,0.076,1,6.0,0,4,4,0
EMP5193,23,Male,Bachelor's,Product,Manager,0,0,34200.0,0.123,4,71.0,0,5,3,1
EMP5194,52,Female,PhD,Marketing,Manager,28,26,131800.0,0.108,5,68.0,1,3,3,0
EMP5195,35,Male,Master's,HR,Director,13,5,82400.0,0.142,2,74.0,1,3,4,0
EMP5196,35,Female,Master's,Sales,Senior Analyst,13,10,76000.0,0.064,3,78.0,0,2,4,0
EMP5197,52,Female,Bachelor's,Legal,Director,27,16,114000.0,0.052,4,76.0,0,4,3,0
EMP5198,32,Male,Bachelor's,Engineering,Manager,6,0,39300.0,0.244,4,17.0,1,2,4,0
EMP5199,56,Male,Bachelor's,HR,Individual Contributor,33,31,149200.0,0.07,3,70.0,1,4,5,0
EMP5200,23,Female,Bachelor's,Marketing,Director,0,0,25000.0,0.237,4,79.0,1,3,2,0
EMP5201,28,Female,Bachelor's,HR,VP,4,2,49500.0,0.143,5,43.0,1,3,5,0
EMP5202,35,Female,Bachelor's,Operations,Senior Manager,13,7,86200.0,0.017,3,49.0,0,3,4,0
EMP5203,32,Male,Master's,Sales,Senior Analyst,9,2,59700.0,0.149,4,70.0,0,5,3,0
EMP5204,55,Female,Master's,Legal,Director,29,5,141200.0,0.246,4,62.0,0,4,4,0
EMP5205,56,Female,Bachelor's,Engineering,Director,33,1,147600.0,0.21,2,63.0,0,4,4,0
EMP5206,37,Female,Bachelor's,HR,Senior Analyst,11,6,68700.0,0.076,5,79.0,1,3,4,0
EMP5207,43,Female,Master's,Finance,Individual Contributor,18,5,93600.0,0.024,5,67.0,0,3,3,0
EMP5208,34,Non-Binary,Master's,Product,Analyst,8,3,51400.0,0.115,4,78.0,0,3,3,0
EMP5209,37,Female,Master's,Operations,Manager,13,13,67800.0,0.025,4,73.0,1,5,3,0
EMP5210,34,Male,Master's,Product,Analyst,12,8,58800.0,0.074,4,45.0,0,3,4,0
EMP5211,31,Female,Master's,Marketing,VP,7,5,48600.0,0.23,4,46.0,0,1,4,0
EMP5212,48,Male,Bachelor's,Product,Senior Manager,22,14,124100.0,0.163,3,42.0,1,5,5,0
EMP5213,26,Female,Bachelor's,Finance,Senior Manager,0,0,25000.0,0.196,3,,1,4,3,0
EMP5214,33,Male,High School,Engineering,Individual Contributor,9,1,52100.0,0.135,2,54.0,0,2,4,0
EMP5215,26,Male,Bachelor's,Sales,Senior Manager,4,3,37600.0,0.042,3,48.0,0,2,4,1
EMP5216,39,Male,Master's,Finance,Senior Manager,16,15,79900.0,0.038,4,17.0,0,3,4,0
EMP5217,47,Female,Master's,Operations,Senior Manager,24,24,116200.0,0.191,5,68.0,0,4,5,0
EMP5218,41,Female,Master's,Sales,Individual Contributor,15,0,77600.0,0.107,3,31.0,0,5,5,0
EMP5219,49,Male,Bachelor's,HR,Manager,25,0,115900.0,0.125,4,37.0,0,2,1,0
EMP5220,43,Male,Master's,Operations,Senior Analyst,19,19,89700.0,0.045,4,66.0,1,3,5,0
EMP5221,35,Female,Bachelor's,Engineering,Manager,9,7,57700.0,0.09,3,48.0,1,3,5,0
EMP5222,56,Male,Bachelor's,Product,Senior Manager,34,0,148500.0,0.033,4,8.0,0,3,1,0
EMP5223,45,Non-Binary,Master's,Product,VP,22,19,105900.0,0.051,3,25.0,0,4,4,0
EMP5224,23,Male,High School,Legal,Individual Contributor,0,0,45800.0,0.222,2,36.0,0,2,4,0
EMP5225,27,Female,Bachelor's,Product,Senior Manager,4,4,43800.0,0.179,3,58.0,1,5,4,0
EMP5226,47,Male,Bachelor's,Sales,Senior Manager,23,5,108800.0,0.213,5,25.0,1,3,5,0
EMP5227,22,Non-Binary,Bachelor's,Sales,Individual Contributor,0,0,25000.0,0.219,5,37.0,1,4,5,0
EMP5228,28,Female,Bachelor's,Legal,Director,3,0,42400.0,0.147,4,46.0,0,4,2,0
EMP5229,25,Non-Binary,Master's,Sales,Analyst,1,1,25000.0,0.076,4,43.0,1,4,2,0
EMP5230,52,Male,Bachelor's,Operations,Director,30,9,139400.0,0.123,4,15.0,0,5,2,0
EMP5231,26,Female,High School,Marketing,VP,0,0,31100.0,0.005,3,40.0,0,4,5,0
EMP5232,29,Male,Bachelor's,HR,VP,7,0,60900.0,0.204,3,74.0,0,4,2,0
EMP5233,59,Female,Bachelor's,Finance,Senior Analyst,37,26,154400.0,,1,52.0,0,4,4,0
EMP5234,26,Male,Master's,Finance,Senior Manager,3,2,40700.0,0.127,1,63.0,0,4,4,0
EMP5235,30,Male,Master's,Product,VP,7,2,59900.0,0.094,5,58.0,0,1,3,0
EMP5236,52,Female,Master's,Marketing,Individual Contributor,27,9,117100.0,0.043,4,6.0,0,4,3,0
EMP5237,27,Male,Master's,Finance,Individual Contributor,3,1,45400.0,0.019,4,36.0,0,5,5,0
EMP5238,30,Female,Master's,Operations,VP,4,1,48500.0,0.081,4,26.0,0,4,3,0
EMP5239,52,Female,Bachelor's,Sales,VP,30,1,133900.0,0.234,4,40.0,0,4,4,0
EMP5240,22,Female,Master's,HR,Manager,0,0,42600.0,0.017,4,,1,5,3,0
EMP5241,35,Female,Bachelor's,Marketing,Director,11,7,72600.0,0.237,4,18.0,0,2,2,0
EMP5242,31,Male,Bachelor's,Marketing,Analyst,7,2,41100.0,0.132,2,9.0,0,4,3,0
EMP5243,29,Male,Master's,Engineering,Analyst,7,3,62400.0,0.11,3,4.0,1,5,3,0
EMP5244,36,Female,Master's,HR,Senior Analyst,11,3,63200.0,0.031,4,33.0,0,1,3,0
EMP5245,30,Male,Bachelor's,Finance,Individual Contributor,6,1,57400.0,0.018,2,62.0,0,3,3,1
EMP5246,51,Non-Binary,PhD,Engineering,Senior Analyst,26,14,123400.0,0.136,4,26.0,0,3,4,0
EMP5247,27,Male,Bachelor's,Marketing,Manager,1,1,25000.0,0.15,4,62.0,0,5,3,0
EMP5248,37,Male,Bachelor's,Legal,VP,14,7,83800.0,0.109,4,41.0,0,5,2,0
EMP5249,25,Male,Bachelor's,Product,Analyst,0,0,28200.0,0.072,3,53.0,1,5,5,0
EMP5250,26,Male,Master's,Operations,Senior Analyst,2,1,33300.0,0.003,3,23.0,1,4,4,1
EMP5251,47,Female,PhD,HR,Analyst,24,17,110600.0,0.067,5,33.0,0,4,5,0
EMP5252,39,Female,Master's,Operations,Director,14,0,85300.0,0.179,5,26.0,0,2,4,0
EMP5253,38,Female,Bachelor's,Operations,VP,16,13,78600.0,0.152,3,33.0,0,5,3,0
EMP5254,32,Non-Binary,Bachelor's,Engineering,Individual Contributor,7,6,63400.0,0.04,5,76.0,1,5,4,0
EMP5255,27,Male,Bachelor's,Engineering,VP,1,0,25000.0,0.198,5,9.0,1,4,5,0
EMP5256,55,Male,Master's,Product,VP,32,32,144400.0,0.037,3,69.0,0,2,3,0
EMP5257,52,Female,PhD,Legal,VP,28,13,134200.0,0.199,3,73.0,1,5,3,0
EMP5258,39,Female,Master's,Finance,Individual Contributor,14,5,85000.0,0.128,5,1.0,0,5,2,0
EMP5259,22,Male,Bachelor's,HR,Senior Manager,0,0,31500.0,0.179,4,32.0,0,5,5,1
EMP5260,56,Female,Bachelor's,Engineering,Analyst,30,9,133300.0,0.021,4,48.0,0,4,3,0
EMP5261,38,Male,Bachelor's,Sales,Director,12,12,67600.0,0.185,5,23.0,0,3,5,0
EMP5262,29,Female,Bachelor's,Engineering,Manager,6,3,41200.0,0.18,5,11.0,0,3,4,0
EMP5263,26,Female,PhD,Engineering,Individual Contributor,3,3,35000.0,0.044,2,31.0,0,4,4,0
EMP5264,59,Male,Bachelor's,Legal,Senior Manager,34,25,141300.0,0.034,3,63.0,1,5,3,0
EMP5265,23,Female,Master's,Legal,Director,0,0,25000.0,0.187,5,38.0,0,2,3,0
EMP5266,36,Female,Bachelor's,Legal,Senior Manager,13,6,89900.0,0.104,2,66.0,0,4,3,1
EMP5267,42,Male,Master's,Engineering,Manager,16,0,72200.0,0.162,2,29.0,1,5,4,0
EMP5268,33,Male,PhD,HR,Individual Contributor,11,11,77500.0,0.002,5,52.0,0,3,4,0
EMP5269,27,Female,Master's,Marketing,Individual Contributor,3,0,30600.0,0.046,4,62.0,1,4,4,0
EMP5270,46,Male,Master's,Marketing,Individual Contributor,23,18,102300.0,0.186,3,53.0,1,4,3,0
EMP5271,24,Male,High School,HR,Individual Contributor,0,0,25000.0,0.05,3,35.0,0,4,4,1
EMP5272,59,Male,Bachelor's,Finance,Analyst,33,4,136600.0,0.02,4,68.0,0,4,4,0
EMP5273,40,Male,Bachelor's,Operations,Director,14,12,86400.0,0.044,3,13.0,1,4,5,0
EMP5274,49,Male,Bachelor's,Legal,Manager,26,0,125700.0,0.208,2,8.0,0,2,1,0
EMP5275,54,Female,Master's,Product,Senior Manager,31,3,136600.0,0.087,5,2.0,0,4,5,0
EMP5276,52,Male,Bachelor's,Operations,Senior Manager,30,9,156700.0,0.133,4,56.0,0,5,4,0
EMP5277,40,Male,Bachelor's,HR,Individual Contributor,14,11,78900.0,0.144,3,28.0,0,2,4,0
EMP5278,24,Female,Master's,Product,VP,1,1,34000.0,0.093,4,9.0,1,2,3,0
EMP5279,25,Male,Master's,Marketing,VP,2,0,31500.0,0.023,3,15.0,0,2,4,0
EMP5280,35,Male,PhD,Legal,Director,12,7,65600.0,0.064,3,,1,4,3,0
EMP5281,33,Female,Bachelor's,HR,Analyst,7,5,50200.0,0.039,5,32.0,1,3,4,0
EMP5282,55,Male,Bachelor's,Marketing,Senior Analyst,29,26,138300.0,0.227,4,51.0,1,3,3,0
EMP5283,38,Male,Bachelor's,Marketing,Individual Contributor,15,3,87100.0,0.185,4,20.0,1,4,3,0
EMP5284,59,Female,PhD,Operations,Analyst,34,3,159300.0,0.206,3,21.0,0,4,3,0
EMP5285,32,Male,Master's,Engineering,VP,9,7,55800.0,0.203,4,77.0,0,4,5,0
EMP5286,58,Female,PhD,Marketing,Director,34,1,153700.0,0.001,3,3.0,1,5,5,0
EMP5287,34,Female,Master's,Sales,VP,9,8,63900.0,0.187,3,67.0,0,3,4,0
EMP5288,59,Male,Bachelor's,Sales,Individual Contributor,35,14,156000.0,0.121,4,5.0,0,5,3,0
EMP5289,41,Female,Bachelor's,Legal,Manager,15,8,75600.0,0.194,4,62.0,1,4,3,0
EMP5290,22,Male,Bachelor's,Marketing,Director,0,0,25000.0,0.24,4,78.0,1,3,5,0
EMP5291,57,Female,Bachelor's,HR,Analyst,32,16,146300.0,,1,24.0,0,3,4,0
EMP5292,29,Male,PhD,Operations,Manager,5,2,54500.0,0.151,4,17.0,1,4,5,0
EMP5293,52,Female,Bachelor's,Engineering,Senior Analyst,27,0,119600.0,0.076,3,18.0,1,4,4,0
EMP5294,53,Female,Master's,Product,VP,27,4,129400.0,0.223,4,32.0,1,4,4,0
EMP5295,29,Male,Bachelor's,HR,Manager,3,1,50100.0,0.064,5,21.0,1,4,2,0
EMP5296,43,Male,Master's,Engineering,Manager,20,4,97100.0,0.088,4,,0,5,3,0
EMP5297,51,Female,Bachelor's,Operations,Senior Manager,27,22,113000.0,0.222,3,13.0,1,3,5,0
EMP5298,57,Female,Bachelor's,Legal,Director,32,32,131500.0,0.025,4,74.0,1,4,2,0
EMP5299,36,Male,Master's,Product,Director,10,2,59600.0,0.124,2,23.0,0,3,2,0
EMP5300,37,Female,Bachelor's,Legal,Individual Contributor,15,11,78900.0,0.145,2,5.0,1,2,5,0
EMP5301,52,Male,PhD,Legal,Senior Manager,30,15,134700.0,0.145,3,25.0,0,4,4,0
EMP5302,40,Female,Master's,HR,Director,18,14,92900.0,0.03,3,43.0,1,3,2,0
EMP5303,45,Female,Bachelor's,Legal,Manager,23,18,108300.0,0.01,4,9.0,1,2,4,0
EMP5304,26,Female,Bachelor's,Engineering,Director,3,3,45900.0,0.104,3,38.0,0,3,1,1
EMP5305,47,Female,Bachelor's,Product,Senior Analyst,24,24,107900.0,0.113,4,79.0,0,5,2,0
EMP5306,34,Male,Bachelor's,Legal,Senior Analyst,12,7,82100.0,0.236,2,55.0,0,5,3,0
EMP5307,35,Male,Bachelor's,Operations,VP,9,9,69000.0,0.189,4,27.0,0,5,4,0
EMP5308,56,Male,Bachelor's,Product,Director,30,13,141900.0,0.15,3,71.0,0,1,3,0
EMP5309,49,Female,Master's,Marketing,VP,27,1,119200.0,0.053,3,26.0,0,2,5,0
EMP5310,43,Male,PhD,HR,VP,20,7,99100.0,0.225,4,0.0,0,3,1,0
EMP5311,43,Male,Bachelor's,Marketing,Manager,20,14,105800.0,0.048,2,19.0,1,4,1,0
EMP5312,54,Male,Master's,Engineering,VP,28,0,126400.0,0.237,3,1.0,0,5,3,0
EMP5313,45,Male,Bachelor's,Product,Senior Analyst,23,19,104900.0,0.236,4,39.0,0,3,4,0
EMP5314,29,Male,Bachelor's,Marketing,Analyst,3,3,34600.0,0.244,3,30.0,0,4,5,0
EMP5315,42,Female,Bachelor's,Engineering,Senior Analyst,20,4,94500.0,0.071,4,5.0,0,2,3,0
EMP5316,45,Male,Bachelor's,Marketing,Director,21,19,94200.0,0.034,3,32.0,0,4,4,0
EMP5317,24,Male,Bachelor's,Marketing,Director,0,0,53000.0,0.157,4,15.0,1,5,1,0
EMP5318,27,Male,Master's,Product,VP,4,3,28400.0,0.106,3,71.0,0,4,1,1
EMP5319,40,Female,Bachelor's,Legal,VP,18,6,85200.0,0.097,5,48.0,1,4,1,0
EMP5320,43,Female,Master's,HR,Senior Analyst,19,18,101300.0,0.139,3,,0,4,2,0
EMP5321,23,Male,Bachelor's,Engineering,VP,0,0,25000.0,0.172,5,60.0,0,3,5,0
EMP5322,39,Male,Master's,Finance,Senior Manager,15,8,79700.0,0.083,3,67.0,1,3,4,0
EMP5323,28,Female,Bachelor's,Legal,Individual Contributor,2,1,40200.0,0.084,4,61.0,0,5,5,0
EMP5324,47,Male,Bachelor's,Operations,Analyst,24,14,122300.0,0.153,3,7.0,0,4,5,0
EMP5325,40,Female,Bachelor's,Legal,VP,15,15,80300.0,0.018,2,40.0,0,3,4,0
EMP5326,25,Male,Bachelor's,Legal,Director,0,0,37400.0,0.175,1,6.0,1,4,3,0
EMP5327,37,Female,Master's,Marketing,Senior Manager,14,9,65400.0,0.2,2,50.0,0,2,2,0
EMP5328,57,Female,Bachelor's,Legal,Individual Contributor,31,16,133700.0,0.22,3,59.0,0,1,2,0
EMP5329,23,Male,Master's,Legal,Senior Analyst,0,0,34000.0,0.188,4,2.0,1,2,1,0
EMP5330,37,Male,Bachelor's,Engineering,Manager,13,9,91300.0,0.127,3,61.0,1,5,2,0
EMP5331,27,Male,Bachelor's,Sales,Manager,3,2,32800.0,0.218,4,19.0,1,3,1,0
EMP5332,56,Female,Bachelor's,Sales,Senior Manager,34,6,139900.0,0.123,2,7.0,0,5,4,0
EMP5333,39,Male,Bachelor's,Product,Senior Analyst,17,9,92200.0,,4,22.0,1,3,3,0
EMP5334,45,Male,Bachelor's,Legal,Director,19,13,96900.0,0.016,4,79.0,0,3,4,0
EMP5335,58,Female,High School,Engineering,Analyst,35,6,146800.0,0.177,3,23.0,0,4,3,0
EMP5336,23,Female,PhD,Product,Analyst,0,0,25000.0,0.021,4,6.0,0,3,3,1
EMP5337,40,Male,Bachelor's,Engineering,Senior Analyst,17,13,85400.0,0.007,3,6.0,1,5,2,0
EMP5338,24,Male,High School,Legal,Senior Manager,1,0,37700.0,0.126,3,70.0,0,4,4,0
EMP5339,51,Male,Bachelor's,Marketing,Analyst,27,0,121800.0,0.03,4,52.0,0,2,5,0
EMP5340,44,Male,Master's,Operations,Director,21,8,112900.0,0.081,4,15.0,0,5,4,0
EMP5341,38,Male,Bachelor's,Operations,Senior Analyst,14,9,77900.0,,4,50.0,1,3,5,0
EMP5342,33,Female,Bachelor's,Legal,VP,9,1,66300.0,0.138,3,1.0,0,3,3,1
EMP5343,29,Non-Binary,PhD,Operations,VP,3,1,42700.0,0.183,4,54.0,0,5,5,0
EMP5344,56,Female,Master's,Marketing,VP,30,5,131800.0,0.196,4,68.0,0,3,4,0
EMP5345,22,Male,Bachelor's,Marketing,Senior Manager,0,0,36700.0,0.12,5,62.0,0,4,5,0
EMP5346,26,Male,Bachelor's,Product,Senior Manager,0,0,25000.0,0.246,4,14.0,0,1,3,0
EMP5347,36,Male,Bachelor's,Legal,Manager,13,12,71100.0,0.051,2,28.0,1,5,5,1
EMP5348,36,Male,Master's,Marketing,Analyst,11,8,65200.0,0.021,3,42.0,0,3,4,0
EMP5349,56,Female,Master's,Marketing,Senior Analyst,32,31,145100.0,0.08,4,6.0,0,3,3,0
EMP5350,33,Female,Bachelor's,HR,Senior Analyst,9,3,66500.0,0.191,4,66.0,0,5,3,0
EMP5351,34,Non-Binary,High School,Legal,Director,9,5,55000.0,0.024,3,48.0,0,4,3,0
EMP5352,30,Female,Bachelor's,Operations,Analyst,7,2,46900.0,0.117,4,12.0,1,4,5,0
EMP5353,36,Male,Master's,Engineering,Individual Contributor,13,5,76100.0,0.143,4,60.0,1,4,5,0
EMP5354,32,Male,Master's,Legal,Analyst,8,4,45700.0,0.202,2,59.0,1,4,4,1
EMP5355,48,Female,Bachelor's,Product,Manager,26,25,129100.0,0.211,2,12.0,0,3,2,1
EMP5356,52,Female,Master's,Operations,Manager,28,25,126200.0,0.06,4,42.0,1,4,3,0
EMP5357,50,Female,Master's,Product,VP,25,7,108100.0,0.069,4,25.0,0,3,3,0
EMP5358,52,Male,Master's,Legal,Director,30,9,125500.0,0.171,3,20.0,0,3,4,0
EMP5359,45,Female,Bachelor's,Product,Individual Contributor,21,10,106000.0,0.215,3,64.0,0,1,2,0
EMP5360,48,Male,PhD,Marketing,Individual Contributor,25,19,119800.0,0.042,3,3.0,0,4,4,0
EMP5361,34,Male,High School,HR,VP,12,4,65900.0,0.181,3,34.0,0,3,3,0
EMP5362,59,Female,Master's,Finance,Senior Analyst,37,2,158600.0,0.059,4,21.0,0,4,3,0
EMP5363,57,Male,Bachelor's,Product,Director,33,5,136500.0,0.045,3,26.0,0,4,1,0
EMP5364,24,Male,Master's,Operations,Director,0,0,27900.0,0.084,4,33.0,0,1,1,0
EMP5365,35,Female,Master's,Sales,Manager,11,4,80300.0,0.199,3,46.0,1,3,5,0
EMP5366,48,Male,Bachelor's,Finance,Analyst,26,24,138000.0,0.186,4,29.0,0,3,4,0
EMP5367,33,Female,Bachelor's,Engineering,Analyst,11,8,66800.0,0.12,5,43.0,0,2,4,0
EMP5368,41,Male,Bachelor's,Product,Manager,19,5,100000.0,0.179,3,57.0,0,4,1,0
EMP5369,54,Female,Bachelor's,Finance,VP,29,17,134600.0,0.101,5,14.0,1,4,4,0
EMP5370,55,Male,High School,Engineering,Senior Analyst,30,24,121200.0,0.053,4,32.0,1,3,3,0
EMP5371,57,Female,Bachelor's,Product,Individual Contributor,33,9,136300.0,0.211,5,42.0,0,2,3,0
EMP5372,46,Male,PhD,Legal,Manager,24,18,95500.0,0.013,3,30.0,1,4,4,0
EMP5373,58,Female,Bachelor's,Product,Director,36,23,159600.0,0.225,5,44.0,0,3,2,0
EMP5374,46,Female,Bachelor's,HR,Analyst,23,16,126100.0,0.197,3,64.0,1,2,4,0
EMP5375,42,Male,Bachelor's,Finance,Analyst,16,2,94500.0,0.181,3,48.0,0,4,5,0
EMP5376,29,Female,Master's,Marketing,Senior Manager,7,0,54900.0,0.142,5,37.0,0,4,4,0
EMP5377,55,Male,Master's,Legal,Analyst,31,14,137700.0,0.203,5,53.0,1,2,3,0
EMP5378,31,Male,Master's,Legal,Director,7,3,51700.0,0.007,2,78.0,0,2,3,0
EMP5379,28,Male,Master's,Marketing,Manager,2,0,45500.0,0.148,3,1.0,1,4,4,0
EMP5380,51,Female,Bachelor's,Marketing,Senior Analyst,28,26,129700.0,0.065,5,45.0,0,3,3,0
EMP5381,55,Female,PhD,Engineering,Individual Contributor,32,8,142500.0,0.16,4,0.0,0,2,5,0
EMP5382,59,Female,Master's,Sales,Manager,34,12,140200.0,0.169,3,74.0,0,5,4,0
EMP5383,50,Male,Master's,Operations,Analyst,26,1,125800.0,0.054,3,58.0,0,3,3,0
EMP5384,58,Male,Master's,Finance,Analyst,36,0,154800.0,0.039,3,70.0,0,4,3,0
EMP5385,37,Male,Bachelor's,Sales,Manager,12,4,75200.0,0.147,3,45.0,0,4,3,0
EMP5386,26,Female,Master's,Engineering,Senior Manager,0,0,38000.0,0.235,4,33.0,1,3,3,0
EMP5387,31,Male,Master's,Operations,Senior Manager,5,4,34400.0,0.166,3,0.0,0,3,5,0
EMP5388,28,Male,Master's,Product,Senior Manager,6,4,48600.0,0.121,4,49.0,0,4,4,0
EMP5389,50,Non-Binary,PhD,Sales,Analyst,25,17,114000.0,0.234,2,72.0,1,3,4,0
EMP5390,38,Male,Bachelor's,Marketing,Senior Analyst,13,10,71300.0,0.205,4,11.0,0,3,3,0
EMP5391,38,Male,Master's,HR,Analyst,13,8,66600.0,0.183,1,19.0,1,5,3,0
EMP5392,57,Male,Bachelor's,Legal,Senior Manager,33,15,139700.0,0.109,4,42.0,0,3,3,0
EMP5393,59,Male,Master's,Operations,Analyst,34,12,140200.0,0.123,4,42.0,1,4,5,0
EMP5394,27,Male,Master's,HR,VP,3,0,47100.0,0.066,4,33.0,1,4,4,0
EMP5395,54,Male,PhD,Finance,Senior Manager,32,10,145000.0,0.204,2,11.0,0,4,2,0
EMP5396,46,Male,Master's,Marketing,Senior Analyst,24,12,116500.0,0.071,4,38.0,0,3,5,0
EMP5397,52,Male,Master's,Legal,Manager,27,6,109100.0,0.176,2,40.0,0,4,3,0
EMP5398,58,Male,Bachelor's,Finance,Analyst,34,4,164600.0,0.219,2,14.0,0,4,4,0
EMP5399,34,Male,Master's,Operations,Analyst,10,6,61700.0,0.138,4,48.0,0,4,5,0
EMP5400,52,Female,Bachelor's,Finance,Director,26,13,135000.0,0.039,3,69.0,1,4,4,0
EMP5401,49,Male,Bachelor's,HR,Senior Manager,26,26,127000.0,0.006,3,6.0,1,5,5,0
EMP5402,47,Male,Bachelor's,Marketing,Analyst,21,18,101600.0,0.168,5,6.0,0,3,5,0
EMP5403,50,Female,Bachelor's,Legal,VP,27,21,140800.0,0.056,3,45.0,1,2,1,0
EMP5404,51,Female,Master's,Product,Individual Contributor,27,13,129000.0,0.01,4,62.0,0,4,4,0
EMP5405,37,Female,Master's,Engineering,Director,14,9,77200.0,0.086,4,8.0,0,3,4,0
EMP5406,57,Male,Bachelor's,Product,Individual Contributor,32,29,138900.0,0.146,3,75.0,0,5,3,0
EMP5407,25,Female,Master's,Operations,Director,3,2,48800.0,0.138,3,38.0,0,2,5,1
EMP5408,29,Female,Bachelor's,HR,Individual Contributor,6,1,46700.0,0.042,3,8.0,0,2,5,0
EMP5409,49,Male,Bachelor's,Finance,Senior Manager,26,19,118000.0,0.151,4,35.0,0,3,3,0
EMP5410,39,Male,Bachelor's,Operations,VP,14,1,74200.0,0.103,4,34.0,0,1,3,0
EMP5411,33,Male,Bachelor's,HR,VP,11,6,62500.0,0.119,3,31.0,1,4,3,0
EMP5412,41,Male,Master's,HR,Manager,16,14,80400.0,0.219,4,46.0,0,3,3,0
EMP5413,27,Male,Master's,Marketing,Analyst,2,2,51200.0,0.02,4,19.0,1,5,4,0
EMP5414,22,Male,Master's,Operations,Manager,0,0,38100.0,0.132,4,79.0,0,3,4,0
EMP5415,23,Female,Master's,Product,Senior Analyst,0,0,31900.0,0.043,2,22.0,1,4,2,1
EMP5416,55,Female,Bachelor's,Legal,Individual Contributor,30,24,130600.0,0.046,3,69.0,0,4,4,0
EMP5417,34,Male,Master's,HR,Director,12,7,67600.0,0.153,3,65.0,0,3,3,0
EMP5418,56,Male,Master's,Sales,Individual Contributor,32,11,139100.0,0.167,4,33.0,0,5,5,0
EMP5419,41,Female,Bachelor's,Product,Manager,16,4,100300.0,0.152,3,15.0,0,3,5,0
EMP5420,33,Male,Bachelor's,Product,Senior Manager,10,5,67300.0,0.231,4,77.0,0,4,2,0
EMP5421,23,Female,Bachelor's,Marketing,Senior Analyst,1,1,39500.0,0.199,5,45.0,1,3,3,1
EMP5422,26,Non-Binary,Bachelor's,Operations,Senior Manager,3,1,42100.0,0.05,1,26.0,1,3,5,0
EMP5423,43,Male,High School,HR,Analyst,19,4,89400.0,0.159,4,12.0,0,2,3,0
EMP5424,45,Male,Master's,Marketing,Manager,23,18,111300.0,0.155,2,27.0,1,3,5,0
EMP5425,56,Female,Bachelor's,Operations,Individual Contributor,30,16,126400.0,0.162,4,52.0,0,5,1,0
EMP5426,29,Male,Master's,HR,Director,4,2,53600.0,0.107,3,40.0,0,5,3,0
EMP5427,44,Male,Bachelor's,Operations,VP,19,16,90500.0,0.237,5,5.0,0,5,4,0
EMP5428,25,Female,Bachelor's,Finance,VP,0,0,25400.0,0.116,3,62.0,0,4,3,0
EMP5429,41,Male,Master's,Marketing,Analyst,17,17,96000.0,,5,25.0,0,4,4,0
EMP5430,28,Male,Bachelor's,Engineering,Senior Manager,3,2,34900.0,0.12,1,15.0,0,5,5,0
EMP5431,30,Female,PhD,Sales,Manager,6,5,49200.0,0.197,4,55.0,0,4,4,0
EMP5432,37,Male,Bachelor's,Operations,Analyst,12,3,50900.0,0.099,3,59.0,1,5,3,0
EMP5433,38,Male,Master's,Legal,Senior Analyst,16,14,83400.0,0.0,3,65.0,1,3,4,0
EMP5434,26,Male,Bachelor's,Marketing,Analyst,0,0,34800.0,0.125,5,,1,4,4,0
EMP5435,44,Male,Bachelor's,Legal,Senior Analyst,20,15,95000.0,0.137,3,30.0,0,4,1,0
EMP5436,37,Female,Bachelor's,Legal,Director,13,7,80000.0,0.029,4,20.0,0,1,3,0
EMP5437,54,Non-Binary,Bachelor's,Legal,Senior Analyst,31,3,138400.0,0.166,4,46.0,0,3,4,0
EMP5438,45,Female,Bachelor's,Legal,VP,21,11,112200.0,0.213,3,77.0,0,5,3,0
EMP5439,55,Male,Bachelor's,Legal,Manager,31,20,132600.0,0.217,2,9.0,0,4,4,0
EMP5440,22,Female,Master's,Legal,Analyst,0,0,28100.0,0.094,5,52.0,1,1,5,1
EMP5441,39,Male,Bachelor's,Finance,Director,13,2,63700.0,0.103,4,35.0,1,5,5,0
EMP5442,53,Male,Bachelor's,Finance,Senior Analyst,29,9,130800.0,0.215,5,37.0,0,5,4,0
EMP5443,28,Male,Bachelor's,Finance,Individual Contributor,3,3,37100.0,0.25,4,75.0,1,4,4,0
EMP5444,30,Female,PhD,Marketing,Senior Manager,4,3,51700.0,0.013,4,58.0,0,3,3,0
EMP5445,48,Male,Bachelor's,Operations,Analyst,23,5,105500.0,0.015,4,7.0,0,3,1,0
EMP5446,22,Female,Master's,Marketing,Senior Analyst,0,0,26600.0,,1,34.0,0,5,4,0
EMP5447,58,Female,Bachelor's,Sales,Manager,33,29,140100.0,0.116,5,59.0,0,2,3,0
EMP5448,57,Male,Bachelor's,Finance,Senior Manager,35,30,152700.0,0.196,4,8.0,0,3,5,0
EMP5449,58,Female,Bachelor's,Marketing,Director,33,4,161400.0,0.023,4,40.0,0,2,4,0
EMP5450,51,Male,PhD,Engineering,Manager,29,1,103500.0,0.172,5,39.0,0,4,3,0
EMP5451,59,Male,Master's,Engineering,Manager,35,25,152100.0,0.043,3,5.0,0,3,1,0
EMP5452,59,Male,Bachelor's,Product,Individual Contributor,36,2,165400.0,0.008,3,76.0,1,5,3,0
EMP5453,31,Female,Master's,Legal,Senior Analyst,5,4,43400.0,0.149,3,29.0,0,4,3,0
EMP5454,27,Male,Bachelor's,Marketing,VP,2,1,41200.0,0.148,4,21.0,0,5,4,0
EMP5455,53,Female,PhD,Engineering,Senior Analyst,28,21,137400.0,0.071,3,7.0,1,3,5,0
EMP5456,39,Male,Bachelor's,HR,Senior Analyst,14,0,76800.0,0.081,2,4.0,1,4,3,0
EMP5457,23,Female,Master's,Legal,Director,0,0,25000.0,0.088,4,15.0,1,4,4,0
EMP5458,38,Male,Master's,Operations,Analyst,16,16,93500.0,0.232,3,59.0,0,5,4,0
EMP5459,22,Male,Bachelor's,Sales,Senior Analyst,0,0,34000.0,0.217,3,21.0,0,3,3,0
EMP5460,43,Male,PhD,Engineering,VP,17,1,89000.0,0.132,3,36.0,1,3,1,0
EMP5461,47,Male,PhD,Product,Analyst,23,11,115400.0,0.241,3,52.0,1,4,1,0
EMP5462,23,Male,Master's,Operations,Senior Analyst,0,0,37700.0,0.145,3,26.0,0,4,4,0
EMP5463,26,Female,Bachelor's,Operations,VP,3,3,40100.0,0.025,3,32.0,1,3,5,0
EMP5464,56,Male,Master's,Legal,Senior Manager,30,4,137400.0,0.122,3,39.0,0,3,4,0
EMP5465,36,Male,Bachelor's,Finance,Manager,14,11,83200.0,0.224,3,72.0,1,3,4,0
EMP5466,23,Male,PhD,Engineering,VP,0,0,26300.0,0.166,5,74.0,0,3,4,0
EMP5467,22,Female,Bachelor's,Engineering,Individual Contributor,0,0,39500.0,0.238,3,23.0,0,2,3,0
EMP5468,37,Male,Master's,Product,Analyst,13,9,67300.0,0.133,3,20.0,0,4,1,0
EMP5469,25,Male,Master's,Marketing,Senior Manager,0,0,28900.0,0.228,4,32.0,0,3,5,1
EMP5470,27,Male,PhD,Operations,Individual Contributor,5,5,53600.0,0.192,3,16.0,0,1,3,0
EMP5471,29,Female,Master's,Finance,Analyst,4,2,35500.0,0.206,3,45.0,0,4,5,0
EMP5472,48,Male,Master's,Engineering,Manager,22,7,114000.0,0.248,4,42.0,0,1,3,0
EMP5473,43,Male,Master's,Legal,Senior Analyst,21,17,105000.0,0.076,1,37.0,0,4,3,0
EMP5474,51,Non-Binary,Master's,Legal,Senior Analyst,26,4,131600.0,0.157,5,37.0,0,4,4,0
EMP5475,34,Non-Binary,High School,Legal,Individual Contributor,12,10,76900.0,0.064,3,68.0,0,4,4,0
EMP5476,25,Male,PhD,Marketing,Director,0,0,28700.0,0.213,4,11.0,0,2,4,0
EMP5477,43,Female,Bachelor's,Operations,Analyst,20,3,101900.0,0.146,5,61.0,0,2,2,0
EMP5478,58,Female,Master's,HR,Manager,32,24,144100.0,0.044,5,46.0,0,4,2,0
EMP5479,46,Non-Binary,Bachelor's,HR,Manager,23,0,126700.0,0.105,3,63.0,1,1,4,0
EMP5480,31,Male,Bachelor's,Engineering,Individual Contributor,8,3,58700.0,0.045,4,45.0,1,2,4,0
EMP5481,22,Female,Bachelor's,Sales,Manager,0,0,28900.0,0.114,3,61.0,0,4,2,1
EMP5482,25,Male,PhD,Finance,Analyst,0,0,28400.0,0.019,4,48.0,0,2,3,0
EMP5483,54,Female,Bachelor's,Finance,Individual Contributor,32,29,143500.0,0.241,4,56.0,1,4,4,0
EMP5484,33,Male,Bachelor's,Finance,Analyst,8,4,48900.0,0.149,3,33.0,0,2,4,0
EMP5485,24,Female,Bachelor's,Finance,Individual Contributor,1,0,30400.0,0.248,3,71.0,0,3,2,0
EMP5486,34,Female,Bachelor's,Sales,Manager,8,8,49900.0,0.043,4,23.0,1,5,5,0
EMP5487,55,Male,Bachelor's,Operations,Director,33,20,138400.0,0.096,3,57.0,1,4,1,0
EMP5488,38,Male,Bachelor's,Finance,Senior Manager,13,6,81900.0,0.233,4,26.0,1,3,3,0
EMP5489,59,Female,Master's,Marketing,Senior Analyst,37,33,159700.0,0.173,2,63.0,0,3,1,0
EMP5490,41,Male,Master's,Marketing,Senior Manager,19,11,90600.0,0.018,4,66.0,0,4,3,0
EMP5491,56,Female,Master's,Finance,Senior Analyst,30,18,133800.0,0.221,2,14.0,1,4,4,0
EMP5492,29,Female,Master's,Marketing,Senior Manager,3,2,38500.0,0.047,4,50.0,0,4,1,0
EMP5493,42,Female,Bachelor's,Finance,Analyst,16,2,86400.0,0.065,3,42.0,1,3,1,0
EMP5494,40,Female,Master's,Finance,Senior Analyst,18,2,80900.0,,4,31.0,0,5,3,0
EMP5495,51,Male,Master's,Marketing,Analyst,25,15,108800.0,0.178,4,22.0,1,5,1,0
EMP5496,27,Male,Master's,Operations,Director,3,3,29000.0,0.165,3,49.0,0,4,3,0
EMP5497,28,Female,Master's,Legal,Individual Contributor,5,5,40300.0,0.001,4,65.0,0,5,3,0
EMP5498,30,Male,Master's,Engineering,Analyst,7,0,48700.0,0.062,4,27.0,1,3,3,0
EMP5499,57,Female,Master's,Sales,Director,35,2,144200.0,0.086,2,26.0,1,3,5,0
EMP5500,56,Male,Master's,Engineering,Senior Manager,31,31,144600.0,0.1,4,69.0,0,3,3,0
EMP5501,22,Female,Master's,Engineering,Senior Analyst,0,0,44700.0,0.018,3,60.0,1,2,1,0
EMP5502,38,Male,Bachelor's,Legal,Director,16,2,92600.0,0.169,4,58.0,0,2,4,0
EMP5503,42,Female,Master's,Sales,VP,17,10,85000.0,0.223,5,47.0,0,5,2,0
EMP5504,55,Male,Master's,HR,Individual Contributor,31,15,140200.0,0.247,4,8.0,0,5,1,0
EMP5505,39,Male,Master's,HR,Analyst,14,2,78500.0,0.199,3,12.0,1,4,3,0
EMP5506,51,Male,Bachelor's,Legal,Senior Analyst,29,23,126600.0,0.051,3,4.0,0,4,3,0
EMP5507,52,Male,Bachelor's,Marketing,Senior Manager,26,21,131600.0,0.128,4,25.0,0,3,2,0
EMP5508,41,Non-Binary,Master's,Engineering,VP,18,5,109100.0,0.229,2,2.0,1,1,3,1
EMP5509,50,Male,High School,Legal,Senior Analyst,26,22,109200.0,0.017,4,37.0,0,3,4,0
EMP5510,24,Male,Bachelor's,Product,Manager,2,1,48500.0,0.057,4,,1,4,3,0
EMP5511,34,Male,Bachelor's,Operations,Senior Manager,8,1,53300.0,0.066,4,79.0,1,4,1,0
EMP5512,54,Male,High School,Finance,Director,30,8,132900.0,0.152,2,39.0,0,4,5,1
EMP5513,28,Male,Master's,Product,Senior Analyst,3,0,42800.0,0.238,4,1.0,1,5,4,0
EMP5514,41,Female,Bachelor's,Engineering,Manager,16,9,98400.0,0.121,3,14.0,1,3,4,0
EMP5515,52,Non-Binary,Bachelor's,Engineering,Analyst,30,16,137200.0,0.141,3,15.0,0,3,3,0
EMP5516,41,Male,PhD,Legal,Senior Analyst,16,3,89300.0,,4,53.0,0,2,4,0
EMP5517,59,Female,Master's,Sales,Individual Contributor,36,23,162800.0,,4,61.0,0,5,4,0
EMP5518,54,Non-Binary,PhD,Engineering,VP,30,9,143100.0,0.072,3,38.0,0,3,3,0
EMP5519,25,Non-Binary,Bachelor's,Engineering,Individual Contributor,1,0,37600.0,0.157,4,58.0,0,3,5,0
EMP5520,42,Female,Master's,Finance,Individual Contributor,17,3,97600.0,0.231,3,7.0,0,5,4,0
EMP5521,49,Female,High School,Operations,Senior Manager,26,15,116200.0,0.235,3,25.0,0,3,3,0
EMP5522,50,Male,Bachelor's,Finance,Senior Analyst,24,23,100100.0,0.096,3,0.0,0,3,3,0
EMP5523,41,Female,Bachelor's,Finance,VP,17,9,104100.0,0.028,1,32.0,0,3,2,0
EMP5524,37,Female,Bachelor's,Sales,Individual Contributor,12,8,63700.0,0.231,3,2.0,1,3,4,0
EMP5525,33,Male,PhD,HR,Senior Analyst,8,7,53700.0,0.23,4,63.0,1,4,5,0
EMP5526,35,Male,Bachelor's,Product,VP,11,7,65800.0,0.024,4,42.0,1,5,4,0
EMP5527,22,Male,Master's,HR,Manager,0,0,26000.0,,3,60.0,1,3,3,0
EMP5528,54,Male,Bachelor's,HR,Individual Contributor,29,24,125700.0,0.046,3,46.0,0,4,3,0
EMP5529,49,Male,Bachelor's,Product,Senior Analyst,23,12,114200.0,0.162,3,2.0,1,1,4,0
EMP5530,32,Female,PhD,Engineering,Director,9,1,65300.0,0.076,2,28.0,1,4,4,0
EMP5531,27,Female,Master's,Engineering,Analyst,4,3,49000.0,0.06,4,0.0,1,3,4,0
EMP5532,41,Female,Bachelor's,Product,Individual Contributor,15,11,87000.0,0.2,4,6.0,0,1,4,0
EMP5533,54,Female,Bachelor's,HR,Manager,28,12,124700.0,0.061,4,75.0,0,3,4,0
EMP5534,59,Male,High School,Sales,Senior Manager,36,18,152700.0,0.24,3,74.0,0,5,4,0
EMP5535,32,Male,Master's,Finance,VP,9,0,70500.0,0.11,3,9.0,0,3,4,1
EMP5536,38,Male,Bachelor's,Engineering,Senior Analyst,13,6,71300.0,0.106,4,32.0,0,3,4,0
EMP5537,44,Female,PhD,Finance,VP,18,17,88700.0,0.236,4,23.0,0,2,5,0
EMP5538,44,Female,PhD,Engineering,Analyst,18,3,100400.0,0.03,3,34.0,1,5,4,0
EMP5539,32,Female,Bachelor's,Operations,Senior Manager,9,6,61400.0,0.029,2,48.0,0,3,4,0
EMP5540,53,Male,Bachelor's,Legal,Manager,30,23,131000.0,0.108,5,30.0,0,5,5,0
EMP5541,48,Non-Binary,Master's,Marketing,Senior Manager,24,17,110000.0,0.147,2,64.0,0,2,5,1
EMP5542,53,Male,Bachelor's,Sales,Director,31,27,147500.0,0.127,5,4.0,0,3,3,0
EMP5543,26,Male,Bachelor's,Legal,Director,0,0,34700.0,0.239,4,46.0,0,4,5,0
EMP5544,47,Female,Master's,Operations,Senior Analyst,24,4,115900.0,0.248,3,56.0,1,3,5,0
EMP5545,35,Female,Bachelor's,Legal,Individual Contributor,12,2,62700.0,0.01,3,44.0,0,4,3,0
EMP5546,51,Non-Binary,Master's,Product,Director,25,8,119400.0,0.041,5,53.0,0,3,3,0
EMP5547,41,Female,PhD,Finance,Senior Analyst,15,0,80800.0,0.138,3,49.0,0,3,3,0
EMP5548,41,Female,Master's,Product,Senior Analyst,15,0,75200.0,0.238,3,13.0,0,3,4,0
EMP5549,44,Female,Bachelor's,Legal,Manager,20,12,95200.0,0.07,1,63.0,0,4,5,0
EMP5550,30,Female,Bachelor's,Marketing,Individual Contributor,5,1,53100.0,0.092,1,21.0,0,3,3,0
EMP5551,44,Female,PhD,Operations,Individual Contributor,20,20,109900.0,0.058,4,14.0,1,3,4,0
EMP5552,55,Female,Master's,Finance,Senior Analyst,33,29,137000.0,0.242,3,43.0,0,5,4,0
EMP5553,25,Female,Master's,Legal,Senior Manager,0,0,25000.0,0.038,4,50.0,0,4,4,0
EMP5554,28,Female,High School,Engineering,Manager,6,4,56600.0,0.141,4,30.0,0,4,4,0
EMP5555,23,Male,PhD,Finance,VP,1,1,30200.0,0.006,3,4.0,1,3,4,0
EMP5556,40,Female,Bachelor's,Engineering,VP,17,4,93900.0,0.15,4,79.0,0,4,3,0
EMP5557,31,Male,PhD,Engineering,Senior Manager,6,4,47600.0,0.098,3,65.0,1,1,2,0
EMP5558,44,Female,Bachelor's,Product,Manager,19,17,101100.0,0.141,4,,1,3,3,0
EMP5559,23,Female,Bachelor's,Operations,Individual Contributor,1,0,25000.0,0.02,3,27.0,0,3,3,0
EMP5560,26,Male,Bachelor's,Finance,Manager,1,1,37900.0,0.023,4,70.0,1,5,4,0
EMP5561,30,Female,Bachelor's,Product,Individual Contributor,5,5,30700.0,0.023,4,28.0,0,1,5,0
EMP5562,46,Female,PhD,Engineering,Analyst,22,11,114400.0,0.209,4,16.0,1,3,2,0
EMP5563,24,Male,Bachelor's,Product,Senior Manager,0,0,29700.0,0.181,2,20.0,0,2,4,0
EMP5564,41,Female,Master's,Finance,Senior Manager,17,14,93000.0,0.032,3,44.0,0,3,2,0
EMP5565,42,Male,Master's,Sales,Analyst,20,1,101900.0,,5,59.0,0,3,3,0
EMP5566,34,Female,Bachelor's,HR,Analyst,12,4,58400.0,0.109,5,25.0,0,2,2,0
EMP5567,25,Female,Master's,Finance,Senior Manager,3,0,51400.0,0.025,4,15.0,0,5,3,0
EMP5568,49,Male,Master's,Legal,VP,25,18,120200.0,0.21,2,74.0,0,2,5,0
EMP5569,37,Male,Master's,Legal,Senior Analyst,12,7,78100.0,0.091,3,7.0,0,4,3,0
EMP5570,44,Male,Bachelor's,Sales,Individual Contributor,22,4,100600.0,0.168,5,44.0,0,2,2,0
EMP5571,51,Female,Master's,Finance,Senior Analyst,29,24,133400.0,0.16,2,14.0,0,2,2,0
EMP5572,22,Male,Master's,Finance,Analyst,0,0,25000.0,0.229,4,52.0,0,3,5,0
EMP5573,51,Female,PhD,Marketing,Senior Manager,26,14,122200.0,,3,30.0,1,3,3,0
EMP5574,25,Male,Master's,Marketing,Analyst,0,0,25000.0,0.009,4,6.0,0,1,5,0
EMP5575,43,Female,Bachelor's,Product,Senior Manager,17,13,129600.0,0.039,2,13.0,0,2,4,1
EMP5576,25,Female,Bachelor's,HR,Analyst,0,0,34800.0,0.111,1,,1,3,4,1
EMP5577,23,Female,Master's,Finance,Individual Contributor,1,1,44100.0,0.023,3,11.0,0,4,3,0
EMP5578,37,Male,PhD,HR,Director,14,14,77000.0,0.098,5,46.0,0,5,4,0
EMP5579,42,Female,Bachelor's,Sales,Analyst,18,4,96200.0,0.244,4,64.0,1,2,5,0
EMP5580,33,Male,Bachelor's,Finance,Individual Contributor,8,4,65200.0,0.051,4,23.0,1,3,2,0
EMP5581,31,Male,High School,Engineering,Manager,5,0,38900.0,0.176,5,74.0,0,3,3,0
EMP5582,28,Male,Bachelor's,Legal,Senior Manager,2,1,31600.0,0.065,3,58.0,0,4,3,0
EMP5583,43,Male,Bachelor's,Finance,Director,17,6,97300.0,0.009,5,6.0,0,3,5,0
EMP5584,37,Male,Bachelor's,Finance,Manager,15,10,80800.0,0.025,2,37.0,1,3,4,0
EMP5585,56,Female,Bachelor's,Marketing,Director,34,2,143000.0,0.026,3,44.0,0,4,3,0
EMP5586,38,Female,Bachelor's,Marketing,Senior Analyst,14,5,74000.0,0.075,3,44.0,1,4,3,0
EMP5587,44,Non-Binary,PhD,Product,Manager,18,8,83200.0,0.24,5,36.0,0,4,3,0
EMP5588,58,Male,Bachelor's,Marketing,Director,35,0,136800.0,0.155,4,28.0,0,4,5,0
EMP5589,57,Female,Master's,Legal,Senior Analyst,34,4,135400.0,0.031,2,45.0,0,1,3,0
EMP5590,40,Female,High School,Legal,Manager,17,15,89900.0,0.018,5,54.0,0,3,1,0
EMP5591,29,Male,Master's,Engineering,Senior Analyst,4,2,49400.0,0.243,4,67.0,1,4,4,0
EMP5592,37,Female,PhD,Legal,Analyst,12,0,92200.0,0.043,4,8.0,0,4,2,0
EMP5593,32,Male,Bachelor's,Legal,Individual Contributor,9,1,61200.0,0.068,4,11.0,0,3,4,0
EMP5594,40,Male,Master's,Operations,Individual Contributor,18,18,82800.0,0.21,3,40.0,0,3,4,0
EMP5595,27,Male,Bachelor's,Engineering,Senior Analyst,4,0,43800.0,0.139,2,33.0,0,3,4,0
EMP5596,37,Male,Bachelor's,Engineering,VP,14,12,84600.0,0.057,4,71.0,0,5,4,0
EMP5597,24,Male,High School,Engineering,Senior Manager,0,0,38200.0,0.166,2,45.0,0,3,2,0
EMP5598,58,Female,Bachelor's,Operations,Senior Analyst,35,8,160000.0,0.093,4,18.0,1,5,5,0
EMP5599,22,Male,Bachelor's,Marketing,Individual Contributor,0,0,34600.0,0.145,4,68.0,0,5,5,1
EMP5600,55,Male,Master's,HR,Analyst,29,3,132300.0,0.024,4,69.0,0,4,3,0
EMP5601,57,Female,Bachelor's,Marketing,Analyst,33,28,151400.0,0.22,4,3.0,0,5,4,0
EMP5602,58,Female,Master's,Finance,Manager,35,4,143000.0,0.149,3,70.0,0,2,4,0
EMP5603,39,Male,Bachelor's,HR,Individual Contributor,16,13,69900.0,0.001,3,29.0,0,2,4,0
EMP5604,51,Female,Bachelor's,Legal,Manager,26,19,137700.0,0.14,2,18.0,1,3,2,0
EMP5605,57,Male,Bachelor's,Finance,VP,31,31,138100.0,0.091,3,9.0,1,4,4,0
EMP5606,53,Male,Master's,Marketing,Individual Contributor,29,16,135800.0,0.226,2,6.0,0,5,3,1
EMP5607,54,Female,Master's,Product,Senior Manager,30,28,112600.0,0.035,2,4.0,0,3,4,0
EMP5608,40,Female,Master's,Product,Analyst,17,11,101900.0,0.083,3,61.0,0,1,5,0
EMP5609,50,Female,Bachelor's,Operations,Individual Contributor,25,0,126700.0,0.191,3,72.0,1,3,1,0
EMP5610,30,Male,PhD,Product,VP,5,1,35000.0,0.056,5,76.0,0,3,4,0
EMP5611,56,Female,Bachelor's,HR,Analyst,34,0,146500.0,0.078,2,40.0,1,4,2,0
EMP5612,40,Male,PhD,HR,Director,16,15,88100.0,0.193,2,20.0,1,4,1,0
EMP5613,32,Male,Bachelor's,Product,VP,6,2,40900.0,0.178,4,71.0,1,5,1,0
EMP5614,33,Female,Bachelor's,Product,Senior Manager,10,5,68900.0,0.09,1,73.0,0,3,3,1
EMP5615,54,Female,Bachelor's,Sales,Senior Analyst,30,24,143400.0,0.117,4,32.0,1,4,5,0
EMP5616,29,Female,Master's,Engineering,Individual Contributor,4,2,46600.0,0.138,4,16.0,0,2,3,0
EMP5617,47,Male,Bachelor's,Sales,Manager,25,23,105000.0,0.222,4,67.0,0,4,5,0
EMP5618,32,Female,Bachelor's,Legal,Analyst,8,8,49700.0,0.165,3,28.0,0,4,3,0
EMP5619,44,Female,Bachelor's,Sales,Analyst,19,4,95500.0,0.148,2,42.0,0,4,2,0
EMP5620,42,Female,Bachelor's,Product,Senior Manager,18,14,91000.0,0.203,5,70.0,0,3,3,0
EMP5621,45,Male,Master's,Sales,Senior Manager,22,4,105200.0,0.076,5,13.0,0,3,4,0
EMP5622,30,Male,PhD,Sales,Director,4,3,41900.0,,4,24.0,0,5,4,0
EMP5623,56,Male,PhD,Engineering,Senior Analyst,33,18,131100.0,0.172,3,16.0,0,4,3,0
EMP5624,55,Female,Bachelor's,Product,Analyst,31,27,144900.0,0.101,3,60.0,0,4,2,0
EMP5625,57,Female,Master's,HR,Senior Analyst,34,6,154000.0,0.12,4,9.0,0,1,4,0
EMP5626,40,Male,Master's,Legal,Analyst,14,14,83200.0,0.04,2,11.0,0,3,3,0
EMP5627,28,Male,Master's,Marketing,Analyst,4,2,47400.0,0.153,5,26.0,0,4,5,0
EMP5628,43,Male,Master's,Sales,Director,20,17,97700.0,0.16,5,30.0,0,4,3,0
EMP5629,25,Female,Master's,Sales,Manager,2,2,32100.0,0.214,3,59.0,0,3,3,1
EMP5630,48,Male,Bachelor's,Engineering,Senior Analyst,24,20,105900.0,0.021,3,75.0,0,3,5,0
EMP5631,32,Female,Master's,Engineering,Senior Analyst,7,1,66800.0,0.225,3,47.0,1,3,3,0
EMP5632,29,Female,Master's,Legal,VP,4,0,43800.0,0.021,3,18.0,1,3,2,1
EMP5633,52,Male,Bachelor's,Operations,Director,30,2,121700.0,0.186,3,52.0,0,1,4,0
EMP5634,47,Female,Master's,Sales,Analyst,25,22,117300.0,,4,56.0,0,4,3,0
EMP5635,25,Male,Bachelor's,Finance,Director,3,2,25000.0,0.102,3,6.0,0,4,3,0
EMP5636,55,Male,Bachelor's,Sales,Director,29,26,133500.0,0.231,3,73.0,0,3,3,0
EMP5637,47,Male,Master's,Operations,Director,25,8,118600.0,0.114,3,,0,5,4,0
EMP5638,32,Female,Master's,Sales,VP,10,6,60700.0,0.006,3,62.0,0,5,4,0
EMP5639,37,Male,PhD,Sales,Director,13,0,68000.0,0.13,4,4.0,1,4,4,0
EMP5640,39,Male,PhD,Operations,Director,17,11,94000.0,0.133,5,75.0,0,4,5,0
EMP5641,56,Female,Bachelor's,Legal,Analyst,34,31,148300.0,0.186,2,77.0,0,4,4,1
EMP5642,43,Male,Bachelor's,Product,Individual Contributor,21,13,88000.0,0.09,4,75.0,0,3,3,0
EMP5643,53,Male,Bachelor's,Product,Senior Analyst,31,27,148100.0,0.018,3,42.0,0,2,4,0
EMP5644,23,Male,PhD,Operations,VP,0,0,25000.0,0.087,4,9.0,0,3,5,0
EMP5645,41,Male,Bachelor's,HR,VP,18,10,82500.0,0.151,3,36.0,0,3,3,0
EMP5646,25,Female,Bachelor's,Legal,Senior Manager,2,1,47900.0,0.136,3,48.0,0,5,4,0
EMP5647,36,Female,Master's,Operations,Senior Manager,10,2,73500.0,0.212,3,35.0,1,5,4,1
EMP5648,42,Female,Bachelor's,Product,Individual Contributor,16,4,82600.0,0.068,4,34.0,1,4,2,0
EMP5649,53,Male,Master's,Legal,Director,31,21,128500.0,0.142,3,27.0,1,4,4,0
EMP5650,32,Female,Master's,Legal,Senior Analyst,6,2,43700.0,0.244,3,54.0,0,5,3,0
EMP5651,31,Male,Master's,Marketing,Analyst,9,3,58000.0,0.078,4,45.0,0,4,3,0
EMP5652,54,Male,Bachelor's,Legal,Analyst,30,17,144700.0,0.109,4,,1,2,3,0
EMP5653,42,Female,Bachelor's,HR,Manager,18,10,103400.0,0.249,2,6.0,0,5,4,0
EMP5654,49,Female,Bachelor's,Engineering,Director,24,20,115300.0,0.036,2,19.0,1,4,4,0
EMP5655,57,Female,Bachelor's,Sales,Senior Manager,33,30,150700.0,0.143,4,70.0,0,1,5,0
EMP5656,23,Male,Bachelor's,Marketing,VP,0,0,28300.0,,3,63.0,0,3,4,0
EMP5657,44,Male,Bachelor's,Operations,Director,22,2,100000.0,0.012,3,53.0,0,4,5,0
EMP5658,24,Female,Master's,Finance,Director,0,0,25000.0,0.19,3,32.0,0,2,2,0
EMP5659,57,Female,Bachelor's,Finance,Individual Contributor,31,3,141100.0,0.05,4,34.0,1,5,2,0
EMP5660,38,Female,Bachelor's,Sales,Analyst,14,12,86200.0,0.223,5,52.0,1,4,4,0
EMP5661,38,Male,Bachelor's,Legal,Director,13,13,71400.0,0.104,4,61.0,1,1,4,0
EMP5662,29,Female,Bachelor's,Sales,Manager,7,4,64000.0,0.036,4,34.0,1,3,5,0
EMP5663,45,Male,Master's,Engineering,VP,21,12,100400.0,0.062,4,71.0,1,4,4,0
EMP5664,42,Male,Bachelor's,Sales,VP,20,15,100700.0,0.208,3,,1,2,1,0
EMP5665,57,Female,Bachelor's,Engineering,Director,33,32,143700.0,0.093,5,25.0,1,4,4,0
EMP5666,22,Female,Master's,Product,VP,0,0,39900.0,0.064,2,55.0,1,5,3,1
EMP5667,50,Female,Master's,HR,Individual Contributor,25,9,121400.0,0.062,4,63.0,0,4,3,0
EMP5668,58,Male,PhD,Legal,Senior Manager,33,6,145000.0,0.146,3,43.0,1,4,4,0
EMP5669,56,Male,Master's,Finance,VP,34,28,149600.0,0.064,4,76.0,0,5,4,0
EMP5670,45,Male,Master's,Product,Analyst,22,1,97500.0,0.234,5,,0,5,3,0
EMP5671,53,Female,Master's,Operations,Senior Analyst,27,2,106600.0,0.012,4,16.0,0,5,4,0
EMP5672,23,Female,PhD,Sales,Individual Contributor,1,1,29200.0,0.039,5,62.0,1,1,5,0
EMP5673,24,Female,Master's,Engineering,Senior Analyst,2,0,35400.0,0.107,4,64.0,1,2,3,0
EMP5674,48,Female,Master's,Sales,Analyst,22,12,111300.0,0.052,3,69.0,0,4,2,0
EMP5675,31,Female,Master's,Marketing,Individual Contributor,7,3,53200.0,,3,42.0,0,3,2,0
EMP5676,48,Male,Bachelor's,Engineering,Manager,23,17,106700.0,0.229,4,61.0,1,4,3,0
EMP5677,50,Male,PhD,Legal,Director,27,4,100900.0,0.15,3,,1,5,3,0
EMP5678,47,Female,Bachelor's,HR,VP,23,14,114700.0,0.214,3,73.0,0,5,3,0
EMP5679,55,Male,Bachelor's,Product,Senior Manager,30,23,136700.0,0.2,2,23.0,1,3,2,0
EMP5680,30,Male,Bachelor's,Engineering,Analyst,7,4,61000.0,0.04,5,12.0,1,5,3,0
EMP5681,52,Female,Master's,Product,Director,26,8,121200.0,0.02,4,61.0,0,4,3,0
EMP5682,52,Male,Bachelor's,Legal,Director,26,24,130200.0,0.157,2,51.0,0,4,5,0
EMP5683,33,Non-Binary,Master's,Marketing,Senior Analyst,8,1,53600.0,,4,78.0,0,2,3,0
EMP5684,29,Female,Bachelor's,Finance,Director,6,2,50700.0,0.208,4,6.0,1,2,1,0
EMP5685,45,Female,Bachelor's,Product,VP,22,12,108900.0,0.154,5,2.0,1,4,3,0
EMP5686,55,Male,Master's,Legal,Individual Contributor,33,9,150800.0,0.028,3,39.0,1,4,5,0
EMP5687,47,Female,Bachelor's,Marketing,Senior Manager,22,14,110300.0,0.195,4,,1,5,3,0
EMP5688,26,Male,Master's,HR,Analyst,0,0,33800.0,0.171,3,68.0,0,2,5,1
EMP5689,38,Female,Master's,Engineering,Individual Contributor,12,10,74200.0,0.233,4,53.0,0,3,3,0
EMP5690,37,Male,Bachelor's,Product,Senior Manager,11,6,67000.0,0.177,5,58.0,0,2,2,0
EMP5691,44,Male,Bachelor's,Product,Director,22,8,114200.0,0.026,2,31.0,0,4,4,0
EMP5692,44,Female,Bachelor's,Legal,Individual Contributor,19,12,83100.0,0.152,3,46.0,1,4,4,0
EMP5693,59,Male,Bachelor's,Engineering,Senior Analyst,36,20,151000.0,0.101,2,11.0,1,3,5,1
EMP5694,53,Female,Master's,Finance,Analyst,31,25,151200.0,0.105,3,55.0,0,2,3,0
EMP5695,42,Female,Bachelor's,HR,Individual Contributor,18,11,87600.0,0.158,1,11.0,0,1,5,0
EMP5696,27,Male,Bachelor's,Finance,Senior Analyst,2,0,36400.0,0.225,4,13.0,0,3,4,0
EMP5697,29,Male,Master's,Engineering,Manager,4,1,55100.0,0.19,3,13.0,0,1,4,0
EMP5698,28,Male,Master's,Marketing,VP,4,1,43000.0,0.006,4,74.0,0,5,5,0
EMP5699,41,Female,Bachelor's,Marketing,VP,19,7,89800.0,0.037,4,13.0,0,3,3,0
EMP5700,27,Male,Bachelor's,Sales,Senior Analyst,5,5,57100.0,0.091,4,16.0,0,3,4,0
EMP5701,28,Male,Bachelor's,Marketing,Senior Analyst,6,0,48700.0,0.171,3,79.0,0,4,4,0
EMP5702,27,Male,Bachelor's,Marketing,Director,2,2,35200.0,0.159,4,13.0,1,5,2,0
EMP5703,48,Male,Bachelor's,Operations,Manager,24,6,98200.0,0.126,4,43.0,0,4,1,0
EMP5704,32,Male,Master's,Sales,Senior Manager,9,5,60500.0,0.108,3,11.0,0,3,5,0
EMP5705,56,Male,Master's,Sales,VP,31,10,144000.0,0.197,1,,1,3,5,0
EMP5706,40,Male,Bachelor's,HR,Individual Contributor,17,1,86100.0,,4,74.0,0,2,5,0
EMP5707,47,Male,Bachelor's,Engineering,Director,24,0,103700.0,0.149,3,26.0,0,2,4,0
EMP5708,42,Male,Bachelor's,Operations,Senior Analyst,16,6,82200.0,0.202,2,36.0,1,4,4,0
EMP5709,55,Female,Master's,HR,Individual Contributor,31,26,133600.0,0.068,3,70.0,1,5,3,0
EMP5710,26,Male,Master's,HR,Senior Manager,1,0,31500.0,0.051,5,42.0,0,3,4,0
EMP5711,49,Male,Master's,Engineering,VP,23,21,106400.0,0.168,4,75.0,0,4,4,0
EMP5712,43,Female,Bachelor's,Marketing,Director,20,19,113300.0,0.044,4,30.0,0,4,3,0
EMP5713,38,Non-Binary,Bachelor's,Engineering,Manager,16,3,88400.0,0.122,3,18.0,1,4,4,0
EMP5714,48,Non-Binary,Master's,Finance,Director,23,20,96600.0,0.231,4,2.0,0,3,2,0
EMP5715,42,Female,Bachelor's,HR,Individual Contributor,19,12,97100.0,0.015,3,31.0,1,5,4,0
EMP5716,45,Male,Bachelor's,Operations,VP,19,11,96200.0,0.227,5,5.0,0,3,4,0
EMP5717,42,Female,Master's,Product,Individual Contributor,19,8,106100.0,0.048,4,46.0,0,3,5,0
EMP5718,26,Female,Master's,Marketing,Analyst,1,1,32300.0,0.121,4,1.0,0,2,4,0
EMP5719,36,Non-Binary,Bachelor's,Legal,Individual Contributor,11,1,67000.0,0.033,5,8.0,0,4,3,0
EMP5720,58,Female,Master's,Sales,Manager,33,0,160400.0,0.177,5,43.0,0,5,4,0
EMP5721,25,Female,Bachelor's,HR,Individual Contributor,0,0,25000.0,0.249,1,,0,2,2,0
EMP5722,30,Male,Master's,Legal,Senior Manager,8,0,64400.0,0.076,3,15.0,0,2,2,0
EMP5723,48,Male,Master's,Finance,Director,22,20,107500.0,,4,59.0,0,5,5,0
EMP5724,27,Female,Master's,Product,VP,4,3,40000.0,0.182,1,32.0,0,4,2,0
EMP5725,23,Non-Binary,High School,Product,VP,0,0,25000.0,0.241,3,14.0,1,5,3,0
EMP5726,51,Male,Bachelor's,Operations,Manager,28,14,138900.0,0.168,3,36.0,1,4,3,0
EMP5727,29,Male,Master's,Operations,Director,6,0,54700.0,0.171,4,73.0,0,4,5,0
EMP5728,30,Male,Bachelor's,HR,Senior Manager,7,1,59300.0,0.236,4,42.0,1,3,4,0
EMP5729,39,Male,Bachelor's,Legal,Manager,15,14,89600.0,0.182,3,68.0,0,3,4,0
EMP5730,54,Female,PhD,Product,Analyst,28,25,130700.0,0.212,4,71.0,0,4,4,0
EMP5731,59,Male,Master's,Legal,VP,36,29,147500.0,0.071,3,18.0,0,3,3,0
EMP5732,31,Male,PhD,HR,Manager,5,5,34900.0,0.042,5,3.0,0,3,3,0
EMP5733,33,Male,Bachelor's,Sales,Senior Analyst,8,6,70300.0,0.16,2,53.0,0,4,2,0
EMP5734,41,Female,Bachelor's,Product,Manager,16,12,87700.0,0.063,4,39.0,0,1,4,0
EMP5735,52,Female,High School,Engineering,Senior Manager,26,22,121600.0,0.107,5,28.0,0,4,2,0
EMP5736,24,Male,Master's,Legal,Individual Contributor,0,0,44400.0,0.214,4,10.0,1,3,5,0
EMP5737,37,Female,Master's,HR,Manager,13,6,67000.0,0.158,4,11.0,0,4,2,0
EMP5738,25,Female,Bachelor's,Legal,Analyst,2,0,25000.0,0.236,2,74.0,0,2,3,0
EMP5739,30,Male,Bachelor's,Marketing,Senior Analyst,5,0,33000.0,0.089,3,11.0,0,4,4,0
EMP5740,45,Male,Master's,Engineering,Individual Contributor,22,14,102800.0,0.07,3,73.0,0,3,3,0
EMP5741,23,Male,Bachelor's,Product,VP,1,0,34400.0,0.053,4,21.0,0,2,2,0
EMP5742,54,Male,Bachelor's,Product,Analyst,31,6,149600.0,0.244,5,11.0,0,3,5,0
EMP5743,25,Male,PhD,HR,Senior Manager,1,1,40200.0,0.107,1,41.0,0,3,3,0
EMP5744,53,Male,Bachelor's,Sales,Senior Analyst,27,14,104000.0,0.23,3,9.0,0,4,4,0
EMP5745,37,Male,Master's,Legal,Senior Manager,12,6,94400.0,0.086,4,21.0,0,2,4,0
EMP5746,43,Male,PhD,Finance,Director,20,7,96700.0,0.072,3,8.0,0,5,3,0
EMP5747,37,Female,Master's,Operations,Senior Manager,12,3,81800.0,0.193,4,1.0,1,1,3,0
EMP5748,35,Female,Bachelor's,Legal,Senior Manager,11,1,72900.0,0.155,3,7.0,1,4,4,0
EMP5749,45,Male,Master's,Operations,Director,19,18,96500.0,0.131,4,77.0,0,4,5,0
EMP5750,34,Male,Master's,Finance,Director,9,7,59600.0,0.11,2,12.0,1,1,4,1
EMP5751,24,Female,PhD,Operations,Senior Analyst,0,0,25000.0,0.117,4,17.0,1,2,3,0
EMP5752,22,Male,Bachelor's,Engineering,Director,0,0,25000.0,0.209,4,12.0,0,3,1,0
EMP5753,32,Male,Master's,Marketing,Senior Manager,8,7,56700.0,0.038,3,6.0,1,3,4,0
EMP5754,30,Male,Master's,Marketing,Manager,5,1,36400.0,0.013,4,13.0,1,3,3,0
EMP5755,22,Male,Bachelor's,Operations,Senior Analyst,0,0,43200.0,0.001,3,8.0,0,5,3,0
EMP5756,25,Male,Master's,Sales,Senior Manager,2,0,37800.0,0.124,4,11.0,0,2,4,0
EMP5757,55,Non-Binary,Bachelor's,Legal,Individual Contributor,30,3,151700.0,0.205,4,36.0,1,5,5,0
EMP5758,40,Female,Bachelor's,HR,Senior Manager,14,14,75500.0,0.168,3,30.0,0,5,5,0
EMP5759,37,Female,High School,Marketing,Analyst,13,12,70800.0,0.248,4,14.0,0,3,4,0
EMP5760,56,Female,Bachelor's,Operations,Senior Analyst,32,30,146700.0,0.152,3,20.0,0,4,5,0
EMP5761,44,Male,Bachelor's,Engineering,Individual Contributor,22,3,104900.0,0.127,3,37.0,0,5,3,0
EMP5762,26,Female,Master's,Product,VP,1,0,41300.0,0.145,3,33.0,0,3,2,1
EMP5763,49,Non-Binary,Bachelor's,Marketing,Analyst,23,4,122000.0,0.221,3,9.0,0,4,3,0
EMP5764,48,Female,High School,Engineering,VP,23,14,119300.0,0.004,4,71.0,1,4,4,0
EMP5765,32,Female,Bachelor's,Marketing,Analyst,6,0,61900.0,0.117,4,,0,4,5,0
EMP5766,47,Female,Master's,HR,Manager,25,10,124000.0,0.103,1,28.0,1,5,5,0
EMP5767,27,Male,Bachelor's,Product,Individual Contributor,3,2,36100.0,0.238,3,45.0,1,3,4,0
EMP5768,59,Male,Master's,Sales,Director,34,9,158100.0,0.047,2,22.0,0,2,3,0
EMP5769,44,Female,Master's,Engineering,Director,21,18,109100.0,0.006,4,49.0,1,4,3,0
EMP5770,32,Female,Master's,Operations,Senior Analyst,6,0,46100.0,0.158,5,73.0,0,3,4,0
EMP5771,56,Male,Master's,Engineering,Manager,34,29,145100.0,0.156,4,67.0,0,4,4,0
EMP5772,41,Male,Master's,Sales,Analyst,15,0,81800.0,0.08,3,25.0,0,4,4,0
EMP5773,55,Male,Master's,HR,Director,33,25,154400.0,0.135,2,7.0,0,3,2,0
EMP5774,25,Male,Bachelor's,Legal,Senior Manager,3,2,41400.0,0.149,3,9.0,1,5,3,0
EMP5775,33,Male,Bachelor's,Legal,Senior Analyst,7,3,54500.0,0.088,4,16.0,0,4,2,0
EMP5776,38,Male,PhD,Marketing,Manager,12,0,70700.0,0.105,5,49.0,0,4,4,0
EMP5777,32,Male,Master's,Finance,Analyst,8,8,55200.0,0.035,4,39.0,1,5,3,0
EMP5778,41,Non-Binary,Master's,Operations,Analyst,18,17,83700.0,0.193,5,22.0,1,3,5,0
EMP5779,35,Male,Master's,HR,Analyst,11,9,74900.0,0.097,3,15.0,1,4,5,0
EMP5780,55,Female,Master's,Product,Manager,32,31,133900.0,0.161,1,41.0,0,3,4,0
EMP5781,31,Male,Bachelor's,Operations,Senior Analyst,8,8,58500.0,0.107,4,76.0,0,4,2,0
EMP5782,29,Male,Bachelor's,Marketing,Senior Analyst,7,6,51200.0,0.041,3,61.0,0,4,3,0
EMP5783,58,Female,Bachelor's,Marketing,Senior Analyst,33,8,151600.0,0.175,3,20.0,0,5,2,0
EMP5784,49,Non-Binary,Master's,Operations,Individual Contributor,27,23,121800.0,0.104,1,45.0,1,3,1,1
EMP5785,23,Female,Master's,Marketing,Manager,0,0,25000.0,0.046,4,40.0,0,5,3,0
EMP5786,54,Female,Bachelor's,Operations,Senior Manager,31,19,146400.0,0.233,3,64.0,1,3,3,0
EMP5787,29,Male,Bachelor's,Finance,Individual Contributor,3,0,33900.0,0.223,5,27.0,0,4,5,0
EMP5788,47,Male,Master's,HR,Individual Contributor,22,0,108200.0,0.182,4,27.0,0,5,5,0
EMP5789,23,Female,Master's,Operations,Manager,0,0,40200.0,0.144,4,35.0,0,4,5,0
EMP5790,31,Female,Master's,HR,VP,7,2,48700.0,0.156,3,13.0,0,4,1,1
EMP5791,54,Male,Bachelor's,Engineering,Manager,31,16,137700.0,0.09,2,69.0,1,5,4,0
EMP5792,22,Male,Bachelor's,Engineering,Senior Analyst,0,0,26600.0,0.066,4,31.0,1,3,1,0
EMP5793,39,Female,Master's,Engineering,Analyst,17,17,90600.0,0.148,1,68.0,1,4,4,0
EMP5794,37,Male,Bachelor's,Marketing,Manager,13,12,75000.0,0.185,3,32.0,1,4,4,0
EMP5795,30,Male,Bachelor's,Operations,Individual Contributor,4,4,51400.0,0.124,2,54.0,0,4,3,1
EMP5796,26,Male,Bachelor's,HR,Senior Analyst,1,1,28500.0,0.224,4,57.0,0,5,1,0
EMP5797,37,Male,Master's,Engineering,Senior Analyst,11,1,78700.0,,4,63.0,1,3,2,0
EMP5798,35,Male,Bachelor's,Operations,Senior Analyst,10,8,77800.0,0.094,4,54.0,0,3,3,0
EMP5799,26,Male,Bachelor's,HR,Manager,3,1,42600.0,0.106,4,55.0,0,5,3,0
